MitImpact_ID	Class	Source
MI.10759	N	MITOMAP_GeneralVariants_20042021
MI.10766	N	MITOMAP_GeneralVariants_20042021
MI.10778	N	MITOMAP_GeneralVariants_20042021
MI.10783	N	MITOMAP_GeneralVariants_20042021
MI.10796	N	MITOMAP_GeneralVariants_20042021
MI.10812	N	MITOMAP_GeneralVariants_20042021
MI.10822	N	MITOMAP_GeneralVariants_20042021
MI.10825	N	MITOMAP_GeneralVariants_20042021
MI.10824	N	MITOMAP_GeneralVariants_20042021
MI.10834	N	MITOMAP_GeneralVariants_20042021
MI.10845	N	MITOMAP_GeneralVariants_20042021
MI.10849	N	MITOMAP_GeneralVariants_20042021
MI.10852	N	MITOMAP_GeneralVariants_20042021
MI.10860	N	MITOMAP_GeneralVariants_20042021
MI.10864	N	MITOMAP_GeneralVariants_20042021
MI.10866	N	MITOMAP_GeneralVariants_20042021
MI.10871	N	MITOMAP_GeneralVariants_20042021
MI.10888	N	MITOMAP_GeneralVariants_20042021
MI.10922	N	MITOMAP_GeneralVariants_20042021
MI.10926	N	MITOMAP_GeneralVariants_20042021
MI.10928	N	MITOMAP_GeneralVariants_20042021
MI.10938	N	MITOMAP_GeneralVariants_20042021
MI.11023	N	MITOMAP_GeneralVariants_20042021
MI.11027	N	MITOMAP_GeneralVariants_20042021
MI.11085	N	MITOMAP_GeneralVariants_20042021
MI.11089	N	MITOMAP_GeneralVariants_20042021
MI.11128	N	MITOMAP_GeneralVariants_20042021
MI.11138	N	MITOMAP_GeneralVariants_20042021
MI.11153	N	MITOMAP_GeneralVariants_20042021
MI.11172	N	MITOMAP_GeneralVariants_20042021
MI.11177	N	MITOMAP_GeneralVariants_20042021
MI.11180	N	MITOMAP_GeneralVariants_20042021
MI.11183	N	MITOMAP_GeneralVariants_20042021
MI.11186	N	MITOMAP_GeneralVariants_20042021
MI.11184	N	MITOMAP_GeneralVariants_20042021
MI.11203	N	MITOMAP_GeneralVariants_20042021
MI.11211	N	MITOMAP_GeneralVariants_20042021
MI.11212	N	MITOMAP_GeneralVariants_20042021
MI.11216	N	MITOMAP_GeneralVariants_20042021
MI.11232	N	MITOMAP_GeneralVariants_20042021
MI.11234	N	MITOMAP_GeneralVariants_20042021
MI.11247	N	MITOMAP_GeneralVariants_20042021
MI.11258	N	MITOMAP_GeneralVariants_20042021
MI.11263	N	MITOMAP_GeneralVariants_20042021
MI.11273	N	MITOMAP_GeneralVariants_20042021
MI.11294	N	MITOMAP_GeneralVariants_20042021
MI.11322	N	MITOMAP_GeneralVariants_20042021
MI.11336	N	MITOMAP_GeneralVariants_20042021
MI.11339	N	MITOMAP_GeneralVariants_20042021
MI.11352	N	MITOMAP_GeneralVariants_20042021
MI.11353	N	MITOMAP_GeneralVariants_20042021
MI.11452	N	MITOMAP_GeneralVariants_20042021
MI.11459	N	MITOMAP_GeneralVariants_20042021
MI.11474	N	MITOMAP_GeneralVariants_20042021
MI.11520	N	MITOMAP_GeneralVariants_20042021
MI.11547	N	MITOMAP_GeneralVariants_20042021
MI.11615	N	MITOMAP_GeneralVariants_20042021
MI.11665	N	MITOMAP_GeneralVariants_20042021
MI.11694	N	MITOMAP_GeneralVariants_20042021
MI.11698	N	MITOMAP_GeneralVariants_20042021
MI.11702	N	MITOMAP_GeneralVariants_20042021
MI.11725	N	MITOMAP_GeneralVariants_20042021
MI.11751	N	MITOMAP_GeneralVariants_20042021
MI.11769	N	MITOMAP_GeneralVariants_20042021
MI.11780	N	MITOMAP_GeneralVariants_20042021
MI.11782	N	MITOMAP_GeneralVariants_20042021
MI.11783	N	MITOMAP_GeneralVariants_20042021
MI.11794	N	MITOMAP_GeneralVariants_20042021
MI.11811	N	MITOMAP_GeneralVariants_20042021
MI.11820	N	MITOMAP_GeneralVariants_20042021
MI.11844	N	MITOMAP_GeneralVariants_20042021
MI.11912	N	MITOMAP_GeneralVariants_20042021
MI.11967	N	MITOMAP_GeneralVariants_20042021
MI.11989	N	MITOMAP_GeneralVariants_20042021
MI.12001	N	MITOMAP_GeneralVariants_20042021
MI.12077	N	MITOMAP_GeneralVariants_20042021
MI.12081	N	MITOMAP_GeneralVariants_20042021
MI.12187	N	MITOMAP_GeneralVariants_20042021
MI.12192	N	MITOMAP_GeneralVariants_20042021
MI.12205	N	MITOMAP_GeneralVariants_20042021
MI.12236	N	MITOMAP_GeneralVariants_20042021
MI.12239	N	MITOMAP_GeneralVariants_20042021
MI.12241	N	MITOMAP_GeneralVariants_20042021
MI.12253	N	MITOMAP_GeneralVariants_20042021
MI.12260	N	MITOMAP_GeneralVariants_20042021
MI.12259	N	MITOMAP_GeneralVariants_20042021
MI.12262	N	MITOMAP_GeneralVariants_20042021
MI.12269	N	MITOMAP_GeneralVariants_20042021
MI.12306	N	MITOMAP_GeneralVariants_20042021
MI.12316	N	MITOMAP_GeneralVariants_20042021
MI.12364	N	MITOMAP_GeneralVariants_20042021
MI.12370	N	MITOMAP_GeneralVariants_20042021
MI.12382	N	MITOMAP_GeneralVariants_20042021
MI.12387	N	MITOMAP_GeneralVariants_20042021
MI.12390	N	MITOMAP_GeneralVariants_20042021
MI.12398	N	MITOMAP_GeneralVariants_20042021
MI.12401	N	MITOMAP_GeneralVariants_20042021
MI.12411	N	MITOMAP_GeneralVariants_20042021
MI.12416	N	MITOMAP_GeneralVariants_20042021
MI.12431	N	MITOMAP_GeneralVariants_20042021
MI.12447	N	MITOMAP_GeneralVariants_20042021
MI.12459	N	MITOMAP_GeneralVariants_20042021
MI.12470	N	MITOMAP_GeneralVariants_20042021
MI.12481	N	MITOMAP_GeneralVariants_20042021
MI.12550	N	MITOMAP_GeneralVariants_20042021
MI.12562	N	MITOMAP_GeneralVariants_20042021
MI.12579	N	MITOMAP_GeneralVariants_20042021
MI.12581	N	MITOMAP_GeneralVariants_20042021
MI.12599	N	MITOMAP_GeneralVariants_20042021
MI.12629	N	MITOMAP_GeneralVariants_20042021
MI.12660	N	MITOMAP_GeneralVariants_20042021
MI.12670	N	MITOMAP_GeneralVariants_20042021
MI.12674	N	MITOMAP_GeneralVariants_20042021
MI.12683	N	MITOMAP_GeneralVariants_20042021
MI.12686	N	MITOMAP_GeneralVariants_20042021
MI.12692	N	MITOMAP_GeneralVariants_20042021
MI.12691	N	MITOMAP_GeneralVariants_20042021
MI.12710	N	MITOMAP_GeneralVariants_20042021
MI.12713	N	MITOMAP_GeneralVariants_20042021
MI.12746	N	MITOMAP_GeneralVariants_20042021
MI.12816	N	MITOMAP_GeneralVariants_20042021
MI.12815	N	MITOMAP_GeneralVariants_20042021
MI.12819	N	MITOMAP_GeneralVariants_20042021
MI.12826	N	MITOMAP_GeneralVariants_20042021
MI.12836	N	MITOMAP_GeneralVariants_20042021
MI.12844	N	MITOMAP_GeneralVariants_20042021
MI.12870	N	MITOMAP_GeneralVariants_20042021
MI.12881	N	MITOMAP_GeneralVariants_20042021
MI.12884	N	MITOMAP_GeneralVariants_20042021
MI.12916	N	MITOMAP_GeneralVariants_20042021
MI.12930	N	MITOMAP_GeneralVariants_20042021
MI.12942	N	MITOMAP_GeneralVariants_20042021
MI.12946	N	MITOMAP_GeneralVariants_20042021
MI.13023	N	MITOMAP_GeneralVariants_20042021
MI.13054	N	MITOMAP_GeneralVariants_20042021
MI.13061	N	MITOMAP_GeneralVariants_20042021
MI.13085	N	MITOMAP_GeneralVariants_20042021
MI.13108	N	MITOMAP_GeneralVariants_20042021
MI.13111	N	MITOMAP_GeneralVariants_20042021
MI.13145	N	MITOMAP_GeneralVariants_20042021
MI.13185	N	MITOMAP_GeneralVariants_20042021
MI.13190	N	MITOMAP_GeneralVariants_20042021
MI.13193	N	MITOMAP_GeneralVariants_20042021
MI.13198	N	MITOMAP_GeneralVariants_20042021
MI.13231	N	MITOMAP_GeneralVariants_20042021
MI.13233	N	MITOMAP_GeneralVariants_20042021
MI.13250	N	MITOMAP_GeneralVariants_20042021
MI.13256	N	MITOMAP_GeneralVariants_20042021
MI.13258	N	MITOMAP_GeneralVariants_20042021
MI.13263	N	MITOMAP_GeneralVariants_20042021
MI.13261	N	MITOMAP_GeneralVariants_20042021
MI.13267	N	MITOMAP_GeneralVariants_20042021
MI.13270	N	MITOMAP_GeneralVariants_20042021
MI.13293	N	MITOMAP_GeneralVariants_20042021
MI.13299	N	MITOMAP_GeneralVariants_20042021
MI.13306	N	MITOMAP_GeneralVariants_20042021
MI.13314	N	MITOMAP_GeneralVariants_20042021
MI.13318	N	MITOMAP_GeneralVariants_20042021
MI.13319	N	MITOMAP_GeneralVariants_20042021
MI.13321	N	MITOMAP_GeneralVariants_20042021
MI.13323	N	MITOMAP_GeneralVariants_20042021
MI.13338	N	MITOMAP_GeneralVariants_20042021
MI.13344	N	MITOMAP_GeneralVariants_20042021
MI.13353	N	MITOMAP_GeneralVariants_20042021
MI.13376	N	MITOMAP_GeneralVariants_20042021
MI.13380	N	MITOMAP_GeneralVariants_20042021
MI.13390	N	MITOMAP_GeneralVariants_20042021
MI.13392	N	MITOMAP_GeneralVariants_20042021
MI.13489	N	MITOMAP_GeneralVariants_20042021
MI.13487	N	MITOMAP_GeneralVariants_20042021
MI.13512	N	MITOMAP_GeneralVariants_20042021
MI.13551	N	MITOMAP_GeneralVariants_20042021
MI.13630	N	MITOMAP_GeneralVariants_20042021
MI.13631	N	MITOMAP_GeneralVariants_20042021
MI.13635	N	MITOMAP_GeneralVariants_20042021
MI.13642	N	MITOMAP_GeneralVariants_20042021
MI.13659	N	MITOMAP_GeneralVariants_20042021
MI.13670	N	MITOMAP_GeneralVariants_20042021
MI.13672	N	MITOMAP_GeneralVariants_20042021
MI.13677	N	MITOMAP_GeneralVariants_20042021
MI.13684	N	MITOMAP_GeneralVariants_20042021
MI.13692	N	MITOMAP_GeneralVariants_20042021
MI.13714	N	MITOMAP_GeneralVariants_20042021
MI.13718	N	MITOMAP_GeneralVariants_20042021
MI.13719	N	MITOMAP_GeneralVariants_20042021
MI.13721	N	MITOMAP_GeneralVariants_20042021
MI.13722	N	MITOMAP_GeneralVariants_20042021
MI.13743	N	MITOMAP_GeneralVariants_20042021
MI.13741	N	MITOMAP_GeneralVariants_20042021
MI.13745	N	MITOMAP_GeneralVariants_20042021
MI.13765	N	MITOMAP_GeneralVariants_20042021
MI.13792	N	MITOMAP_GeneralVariants_20042021
MI.13795	N	MITOMAP_GeneralVariants_20042021
MI.13793	N	MITOMAP_GeneralVariants_20042021
MI.13804	N	MITOMAP_GeneralVariants_20042021
MI.13808	N	MITOMAP_GeneralVariants_20042021
MI.13823	N	MITOMAP_GeneralVariants_20042021
MI.13825	N	MITOMAP_GeneralVariants_20042021
MI.13872	N	MITOMAP_GeneralVariants_20042021
MI.13914	N	MITOMAP_GeneralVariants_20042021
MI.13937	N	MITOMAP_GeneralVariants_20042021
MI.13938	N	MITOMAP_GeneralVariants_20042021
MI.13962	N	MITOMAP_GeneralVariants_20042021
MI.13963	N	MITOMAP_GeneralVariants_20042021
MI.13974	N	MITOMAP_GeneralVariants_20042021
MI.14020	N	MITOMAP_GeneralVariants_20042021
MI.14024	N	MITOMAP_GeneralVariants_20042021
MI.14025	N	MITOMAP_GeneralVariants_20042021
MI.14032	N	MITOMAP_GeneralVariants_20042021
MI.14035	N	MITOMAP_GeneralVariants_20042021
MI.14040	N	MITOMAP_GeneralVariants_20042021
MI.14064	N	MITOMAP_GeneralVariants_20042021
MI.14081	N	MITOMAP_GeneralVariants_20042021
MI.14105	N	MITOMAP_GeneralVariants_20042021
MI.14106	N	MITOMAP_GeneralVariants_20042021
MI.14120	N	MITOMAP_GeneralVariants_20042021
MI.14143	N	MITOMAP_GeneralVariants_20042021
MI.14149	N	MITOMAP_GeneralVariants_20042021
MI.14152	N	MITOMAP_GeneralVariants_20042021
MI.14167	N	MITOMAP_GeneralVariants_20042021
MI.14204	N	MITOMAP_GeneralVariants_20042021
MI.14258	N	MITOMAP_GeneralVariants_20042021
MI.14266	N	MITOMAP_GeneralVariants_20042021
MI.14267	N	MITOMAP_GeneralVariants_20042021
MI.14277	N	MITOMAP_GeneralVariants_20042021
MI.14283	N	MITOMAP_GeneralVariants_20042021
MI.14296	N	MITOMAP_GeneralVariants_20042021
MI.14306	N	MITOMAP_GeneralVariants_20042021
MI.14305	N	MITOMAP_GeneralVariants_20042021
MI.14309	N	MITOMAP_GeneralVariants_20042021
MI.14307	N	MITOMAP_GeneralVariants_20042021
MI.14310	N	MITOMAP_GeneralVariants_20042021
MI.14316	N	MITOMAP_GeneralVariants_20042021
MI.14418	N	MITOMAP_GeneralVariants_20042021
MI.14419	N	MITOMAP_GeneralVariants_20042021
MI.14424	N	MITOMAP_GeneralVariants_20042021
MI.14430	N	MITOMAP_GeneralVariants_20042021
MI.14454	N	MITOMAP_GeneralVariants_20042021
MI.14458	N	MITOMAP_GeneralVariants_20042021
MI.14495	N	MITOMAP_GeneralVariants_20042021
MI.14499	N	MITOMAP_GeneralVariants_20042021
MI.14508	N	MITOMAP_GeneralVariants_20042021
MI.14507	N	MITOMAP_GeneralVariants_20042021
MI.14512	N	MITOMAP_GeneralVariants_20042021
MI.14521	N	MITOMAP_GeneralVariants_20042021
MI.14524	N	MITOMAP_GeneralVariants_20042021
MI.14527	N	MITOMAP_GeneralVariants_20042021
MI.14531	N	MITOMAP_GeneralVariants_20042021
MI.14533	N	MITOMAP_GeneralVariants_20042021
MI.14543	N	MITOMAP_GeneralVariants_20042021
MI.14550	N	MITOMAP_GeneralVariants_20042021
MI.14548	N	MITOMAP_GeneralVariants_20042021
MI.14552	N	MITOMAP_GeneralVariants_20042021
MI.14551	N	MITOMAP_GeneralVariants_20042021
MI.14556	N	MITOMAP_GeneralVariants_20042021
MI.14564	N	MITOMAP_GeneralVariants_20042021
MI.14575	N	MITOMAP_GeneralVariants_20042021
MI.14649	N	MITOMAP_GeneralVariants_20042021
MI.14759	N	MITOMAP_GeneralVariants_20042021
MI.14765	N	MITOMAP_GeneralVariants_20042021
MI.14774	N	MITOMAP_GeneralVariants_20042021
MI.14780	N	MITOMAP_GeneralVariants_20042021
MI.14783	N	MITOMAP_GeneralVariants_20042021
MI.14800	N	MITOMAP_GeneralVariants_20042021
MI.14801	N	MITOMAP_GeneralVariants_20042021
MI.14809	N	MITOMAP_GeneralVariants_20042021
MI.14812	N	MITOMAP_GeneralVariants_20042021
MI.14816	N	MITOMAP_GeneralVariants_20042021
MI.14831	N	MITOMAP_GeneralVariants_20042021
MI.14842	N	MITOMAP_GeneralVariants_20042021
MI.14853	N	MITOMAP_GeneralVariants_20042021
MI.14856	N	MITOMAP_GeneralVariants_20042021
MI.14863	N	MITOMAP_GeneralVariants_20042021
MI.14870	N	MITOMAP_GeneralVariants_20042021
MI.14896	N	MITOMAP_GeneralVariants_20042021
MI.14915	N	MITOMAP_GeneralVariants_20042021
MI.14917	N	MITOMAP_GeneralVariants_20042021
MI.14923	N	MITOMAP_GeneralVariants_20042021
MI.14938	N	MITOMAP_GeneralVariants_20042021
MI.14941	N	MITOMAP_GeneralVariants_20042021
MI.14948	N	MITOMAP_GeneralVariants_20042021
MI.14952	N	MITOMAP_GeneralVariants_20042021
MI.1893	N	MITOMAP_GeneralVariants_20042021
MI.2020	N	MITOMAP_GeneralVariants_20042021
MI.2038	N	MITOMAP_GeneralVariants_20042021
MI.2050	N	MITOMAP_GeneralVariants_20042021
MI.2066	N	MITOMAP_GeneralVariants_20042021
MI.2069	N	MITOMAP_GeneralVariants_20042021
MI.2112	N	MITOMAP_GeneralVariants_20042021
MI.2156	N	MITOMAP_GeneralVariants_20042021
MI.2158	N	MITOMAP_GeneralVariants_20042021
MI.2159	N	MITOMAP_GeneralVariants_20042021
MI.2164	N	MITOMAP_GeneralVariants_20042021
MI.2170	N	MITOMAP_GeneralVariants_20042021
MI.2184	N	MITOMAP_GeneralVariants_20042021
MI.2189	N	MITOMAP_GeneralVariants_20042021
MI.2205	N	MITOMAP_GeneralVariants_20042021
MI.2204	N	MITOMAP_GeneralVariants_20042021
MI.2209	N	MITOMAP_GeneralVariants_20042021
MI.2316	N	MITOMAP_GeneralVariants_20042021
MI.2328	N	MITOMAP_GeneralVariants_20042021
MI.2342	N	MITOMAP_GeneralVariants_20042021
MI.2357	N	MITOMAP_GeneralVariants_20042021
MI.2534	N	MITOMAP_GeneralVariants_20042021
MI.2582	N	MITOMAP_GeneralVariants_20042021
MI.2598	N	MITOMAP_GeneralVariants_20042021
MI.2622	N	MITOMAP_GeneralVariants_20042021
MI.2623	N	MITOMAP_GeneralVariants_20042021
MI.2628	N	MITOMAP_GeneralVariants_20042021
MI.2634	N	MITOMAP_GeneralVariants_20042021
MI.2648	N	MITOMAP_GeneralVariants_20042021
MI.2693	N	MITOMAP_GeneralVariants_20042021
MI.2759	N	MITOMAP_GeneralVariants_20042021
MI.2771	N	MITOMAP_GeneralVariants_20042021
MI.2793	N	MITOMAP_GeneralVariants_20042021
MI.2798	N	MITOMAP_GeneralVariants_20042021
MI.2802	N	MITOMAP_GeneralVariants_20042021
MI.2812	N	MITOMAP_GeneralVariants_20042021
MI.2815	N	MITOMAP_GeneralVariants_20042021
MI.2819	N	MITOMAP_GeneralVariants_20042021
MI.2840	N	MITOMAP_GeneralVariants_20042021
MI.2862	N	MITOMAP_GeneralVariants_20042021
MI.2860	N	MITOMAP_GeneralVariants_20042021
MI.2863	N	MITOMAP_GeneralVariants_20042021
MI.2896	N	MITOMAP_GeneralVariants_20042021
MI.2914	N	MITOMAP_GeneralVariants_20042021
MI.2919	N	MITOMAP_GeneralVariants_20042021
MI.2931	N	MITOMAP_GeneralVariants_20042021
MI.2941	N	MITOMAP_GeneralVariants_20042021
MI.2946	N	MITOMAP_GeneralVariants_20042021
MI.2948	N	MITOMAP_GeneralVariants_20042021
MI.2955	N	MITOMAP_GeneralVariants_20042021
MI.2965	N	MITOMAP_GeneralVariants_20042021
MI.2977	N	MITOMAP_GeneralVariants_20042021
MI.2978	N	MITOMAP_GeneralVariants_20042021
MI.2980	N	MITOMAP_GeneralVariants_20042021
MI.3037	N	MITOMAP_GeneralVariants_20042021
MI.3060	N	MITOMAP_GeneralVariants_20042021
MI.3076	N	MITOMAP_GeneralVariants_20042021
MI.3077	N	MITOMAP_GeneralVariants_20042021
MI.3110	N	MITOMAP_GeneralVariants_20042021
MI.3140	N	MITOMAP_GeneralVariants_20042021
MI.3164	N	MITOMAP_GeneralVariants_20042021
MI.3186	N	MITOMAP_GeneralVariants_20042021
MI.3197	N	MITOMAP_GeneralVariants_20042021
MI.3240	N	MITOMAP_GeneralVariants_20042021
MI.3242	N	MITOMAP_GeneralVariants_20042021
MI.3270	N	MITOMAP_GeneralVariants_20042021
MI.3282	N	MITOMAP_GeneralVariants_20042021
MI.3296	N	MITOMAP_GeneralVariants_20042021
MI.3373	N	MITOMAP_GeneralVariants_20042021
MI.3541	N	MITOMAP_GeneralVariants_20042021
MI.3615	N	MITOMAP_GeneralVariants_20042021
MI.3628	N	MITOMAP_GeneralVariants_20042021
MI.3677	N	MITOMAP_GeneralVariants_20042021
MI.3682	N	MITOMAP_GeneralVariants_20042021
MI.3686	N	MITOMAP_GeneralVariants_20042021
MI.3814	N	MITOMAP_GeneralVariants_20042021
MI.3817	N	MITOMAP_GeneralVariants_20042021
MI.3903	N	MITOMAP_GeneralVariants_20042021
MI.3910	N	MITOMAP_GeneralVariants_20042021
MI.3988	N	MITOMAP_GeneralVariants_20042021
MI.3997	N	MITOMAP_GeneralVariants_20042021
MI.4030	N	MITOMAP_GeneralVariants_20042021
MI.4034	N	MITOMAP_GeneralVariants_20042021
MI.4039	N	MITOMAP_GeneralVariants_20042021
MI.4047	N	MITOMAP_GeneralVariants_20042021
MI.4117	N	MITOMAP_GeneralVariants_20042021
MI.4163	N	MITOMAP_GeneralVariants_20042021
MI.4329	N	MITOMAP_GeneralVariants_20042021
MI.4382	N	MITOMAP_GeneralVariants_20042021
MI.4381	N	MITOMAP_GeneralVariants_20042021
MI.4383	N	MITOMAP_GeneralVariants_20042021
MI.4402	N	MITOMAP_GeneralVariants_20042021
MI.4422	N	MITOMAP_GeneralVariants_20042021
MI.4465	N	MITOMAP_GeneralVariants_20042021
MI.4467	N	MITOMAP_GeneralVariants_20042021
MI.4474	N	MITOMAP_GeneralVariants_20042021
MI.4478	N	MITOMAP_GeneralVariants_20042021
MI.4499	N	MITOMAP_GeneralVariants_20042021
MI.4537	N	MITOMAP_GeneralVariants_20042021
MI.4544	N	MITOMAP_GeneralVariants_20042021
MI.4548	N	MITOMAP_GeneralVariants_20042021
MI.4554	N	MITOMAP_GeneralVariants_20042021
MI.4569	N	MITOMAP_GeneralVariants_20042021
MI.4643	N	MITOMAP_GeneralVariants_20042021
MI.4753	N	MITOMAP_GeneralVariants_20042021
MI.4763	N	MITOMAP_GeneralVariants_20042021
MI.4779	N	MITOMAP_GeneralVariants_20042021
MI.4782	N	MITOMAP_GeneralVariants_20042021
MI.4803	N	MITOMAP_GeneralVariants_20042021
MI.4807	N	MITOMAP_GeneralVariants_20042021
MI.4820	N	MITOMAP_GeneralVariants_20042021
MI.4823	N	MITOMAP_GeneralVariants_20042021
MI.4857	N	MITOMAP_GeneralVariants_20042021
MI.4860	N	MITOMAP_GeneralVariants_20042021
MI.4885	N	MITOMAP_GeneralVariants_20042021
MI.4888	N	MITOMAP_GeneralVariants_20042021
MI.4905	N	MITOMAP_GeneralVariants_20042021
MI.4908	N	MITOMAP_GeneralVariants_20042021
MI.4971	N	MITOMAP_GeneralVariants_20042021
MI.4974	N	MITOMAP_GeneralVariants_20042021
MI.4976	N	MITOMAP_GeneralVariants_20042021
MI.4982	N	MITOMAP_GeneralVariants_20042021
MI.4984	N	MITOMAP_GeneralVariants_20042021
MI.4988	N	MITOMAP_GeneralVariants_20042021
MI.5000	N	MITOMAP_GeneralVariants_20042021
MI.5009	N	MITOMAP_GeneralVariants_20042021
MI.5011	N	MITOMAP_GeneralVariants_20042021
MI.5017	N	MITOMAP_GeneralVariants_20042021
MI.5023	N	MITOMAP_GeneralVariants_20042021
MI.5026	N	MITOMAP_GeneralVariants_20042021
MI.5029	N	MITOMAP_GeneralVariants_20042021
MI.5057	N	MITOMAP_GeneralVariants_20042021
MI.5094	N	MITOMAP_GeneralVariants_20042021
MI.5122	N	MITOMAP_GeneralVariants_20042021
MI.5167	N	MITOMAP_GeneralVariants_20042021
MI.5166	N	MITOMAP_GeneralVariants_20042021
MI.5193	N	MITOMAP_GeneralVariants_20042021
MI.5213	N	MITOMAP_GeneralVariants_20042021
MI.5220	N	MITOMAP_GeneralVariants_20042021
MI.5273	N	MITOMAP_GeneralVariants_20042021
MI.5303	N	MITOMAP_GeneralVariants_20042021
MI.5306	N	MITOMAP_GeneralVariants_20042021
MI.5311	N	MITOMAP_GeneralVariants_20042021
MI.5316	N	MITOMAP_GeneralVariants_20042021
MI.5343	N	MITOMAP_GeneralVariants_20042021
MI.5351	N	MITOMAP_GeneralVariants_20042021
MI.5354	N	MITOMAP_GeneralVariants_20042021
MI.5363	N	MITOMAP_GeneralVariants_20042021
MI.5370	N	MITOMAP_GeneralVariants_20042021
MI.5372	N	MITOMAP_GeneralVariants_20042021
MI.5385	N	MITOMAP_GeneralVariants_20042021
MI.5388	N	MITOMAP_GeneralVariants_20042021
MI.5391	N	MITOMAP_GeneralVariants_20042021
MI.5399	N	MITOMAP_GeneralVariants_20042021
MI.5415	N	MITOMAP_GeneralVariants_20042021
MI.5417	N	MITOMAP_GeneralVariants_20042021
MI.5469	N	MITOMAP_GeneralVariants_20042021
MI.5482	N	MITOMAP_GeneralVariants_20042021
MI.5510	N	MITOMAP_GeneralVariants_20042021
MI.5526	N	MITOMAP_GeneralVariants_20042021
MI.5529	N	MITOMAP_GeneralVariants_20042021
MI.5537	N	MITOMAP_GeneralVariants_20042021
MI.5542	N	MITOMAP_GeneralVariants_20042021
MI.5552	N	MITOMAP_GeneralVariants_20042021
MI.5559	N	MITOMAP_GeneralVariants_20042021
MI.5586	N	MITOMAP_GeneralVariants_20042021
MI.5589	N	MITOMAP_GeneralVariants_20042021
MI.5592	N	MITOMAP_GeneralVariants_20042021
MI.5609	N	MITOMAP_GeneralVariants_20042021
MI.5613	N	MITOMAP_GeneralVariants_20042021
MI.5627	N	MITOMAP_GeneralVariants_20042021
MI.5635	N	MITOMAP_GeneralVariants_20042021
MI.5638	N	MITOMAP_GeneralVariants_20042021
MI.5655	N	MITOMAP_GeneralVariants_20042021
MI.5662	N	MITOMAP_GeneralVariants_20042021
MI.5708	N	MITOMAP_GeneralVariants_20042021
MI.5731	N	MITOMAP_GeneralVariants_20042021
MI.5738	N	MITOMAP_GeneralVariants_20042021
MI.5758	N	MITOMAP_GeneralVariants_20042021
MI.5761	N	MITOMAP_GeneralVariants_20042021
MI.5790	N	MITOMAP_GeneralVariants_20042021
MI.5804	N	MITOMAP_GeneralVariants_20042021
MI.5902	N	MITOMAP_GeneralVariants_20042021
MI.5909	N	MITOMAP_GeneralVariants_20042021
MI.5915	N	MITOMAP_GeneralVariants_20042021
MI.5921	N	MITOMAP_GeneralVariants_20042021
MI.5930	N	MITOMAP_GeneralVariants_20042021
MI.5934	N	MITOMAP_GeneralVariants_20042021
MI.5948	N	MITOMAP_GeneralVariants_20042021
MI.5984	N	MITOMAP_GeneralVariants_20042021
MI.5992	N	MITOMAP_GeneralVariants_20042021
MI.5996	N	MITOMAP_GeneralVariants_20042021
MI.6022	N	MITOMAP_GeneralVariants_20042021
MI.6030	N	MITOMAP_GeneralVariants_20042021
MI.6033	N	MITOMAP_GeneralVariants_20042021
MI.6031	N	MITOMAP_GeneralVariants_20042021
MI.6041	N	MITOMAP_GeneralVariants_20042021
MI.6122	N	MITOMAP_GeneralVariants_20042021
MI.6131	N	MITOMAP_GeneralVariants_20042021
MI.6133	N	MITOMAP_GeneralVariants_20042021
MI.6145	N	MITOMAP_GeneralVariants_20042021
MI.6237	N	MITOMAP_GeneralVariants_20042021
MI.6255	N	MITOMAP_GeneralVariants_20042021
MI.6254	N	MITOMAP_GeneralVariants_20042021
MI.6347	N	MITOMAP_GeneralVariants_20042021
MI.6350	N	MITOMAP_GeneralVariants_20042021
MI.6356	N	MITOMAP_GeneralVariants_20042021
MI.6382	N	MITOMAP_GeneralVariants_20042021
MI.6524	N	MITOMAP_GeneralVariants_20042021
MI.6556	N	MITOMAP_GeneralVariants_20042021
MI.6579	N	MITOMAP_GeneralVariants_20042021
MI.6584	N	MITOMAP_GeneralVariants_20042021
MI.6605	N	MITOMAP_GeneralVariants_20042021
MI.6622	N	MITOMAP_GeneralVariants_20042021
MI.6623	N	MITOMAP_GeneralVariants_20042021
MI.6626	N	MITOMAP_GeneralVariants_20042021
MI.6628	N	MITOMAP_GeneralVariants_20042021
MI.6632	N	MITOMAP_GeneralVariants_20042021
MI.6636	N	MITOMAP_GeneralVariants_20042021
MI.6643	N	MITOMAP_GeneralVariants_20042021
MI.1451	N	MITOMAP_GeneralVariants_20042021
MI.1466	N	MITOMAP_GeneralVariants_20042021
MI.1474	N	MITOMAP_GeneralVariants_20042021
MI.1478	N	MITOMAP_GeneralVariants_20042021
MI.1481	N	MITOMAP_GeneralVariants_20042021
MI.1491	N	MITOMAP_GeneralVariants_20042021
MI.1493	N	MITOMAP_GeneralVariants_20042021
MI.1506	N	MITOMAP_GeneralVariants_20042021
MI.1508	N	MITOMAP_GeneralVariants_20042021
MI.1517	N	MITOMAP_GeneralVariants_20042021
MI.1530	N	MITOMAP_GeneralVariants_20042021
MI.1531	N	MITOMAP_GeneralVariants_20042021
MI.1537	N	MITOMAP_GeneralVariants_20042021
MI.1554	N	MITOMAP_GeneralVariants_20042021
MI.1553	N	MITOMAP_GeneralVariants_20042021
MI.1560	N	MITOMAP_GeneralVariants_20042021
MI.1570	N	MITOMAP_GeneralVariants_20042021
MI.1575	N	MITOMAP_GeneralVariants_20042021
MI.1577	N	MITOMAP_GeneralVariants_20042021
MI.1585	N	MITOMAP_GeneralVariants_20042021
MI.1588	N	MITOMAP_GeneralVariants_20042021
MI.1586	N	MITOMAP_GeneralVariants_20042021
MI.1592	N	MITOMAP_GeneralVariants_20042021
MI.1606	N	MITOMAP_GeneralVariants_20042021
MI.1615	N	MITOMAP_GeneralVariants_20042021
MI.1618	N	MITOMAP_GeneralVariants_20042021
MI.1628	N	MITOMAP_GeneralVariants_20042021
MI.1633	N	MITOMAP_GeneralVariants_20042021
MI.1643	N	MITOMAP_GeneralVariants_20042021
MI.1644	N	MITOMAP_GeneralVariants_20042021
MI.1648	N	MITOMAP_GeneralVariants_20042021
MI.1649	N	MITOMAP_GeneralVariants_20042021
MI.1652	N	MITOMAP_GeneralVariants_20042021
MI.1656	N	MITOMAP_GeneralVariants_20042021
MI.1665	N	MITOMAP_GeneralVariants_20042021
MI.1668	N	MITOMAP_GeneralVariants_20042021
MI.1672	N	MITOMAP_GeneralVariants_20042021
MI.1671	N	MITOMAP_GeneralVariants_20042021
MI.1675	N	MITOMAP_GeneralVariants_20042021
MI.1680	N	MITOMAP_GeneralVariants_20042021
MI.1682	N	MITOMAP_GeneralVariants_20042021
MI.1681	N	MITOMAP_GeneralVariants_20042021
MI.1684	N	MITOMAP_GeneralVariants_20042021
MI.1685	N	MITOMAP_GeneralVariants_20042021
MI.1692	N	MITOMAP_GeneralVariants_20042021
MI.1694	N	MITOMAP_GeneralVariants_20042021
MI.1695	N	MITOMAP_GeneralVariants_20042021
MI.1700	N	MITOMAP_GeneralVariants_20042021
MI.1703	N	MITOMAP_GeneralVariants_20042021
MI.1711	N	MITOMAP_GeneralVariants_20042021
MI.1720	N	MITOMAP_GeneralVariants_20042021
MI.1723	N	MITOMAP_GeneralVariants_20042021
MI.1729	N	MITOMAP_GeneralVariants_20042021
MI.1730	N	MITOMAP_GeneralVariants_20042021
MI.1734	N	MITOMAP_GeneralVariants_20042021
MI.1737	N	MITOMAP_GeneralVariants_20042021
MI.1744	N	MITOMAP_GeneralVariants_20042021
MI.1745	N	MITOMAP_GeneralVariants_20042021
MI.1746	N	MITOMAP_GeneralVariants_20042021
MI.1758	N	MITOMAP_GeneralVariants_20042021
MI.1762	N	MITOMAP_GeneralVariants_20042021
MI.1764	N	MITOMAP_GeneralVariants_20042021
MI.1770	N	MITOMAP_GeneralVariants_20042021
MI.1772	N	MITOMAP_GeneralVariants_20042021
MI.1778	N	MITOMAP_GeneralVariants_20042021
MI.1783	N	MITOMAP_GeneralVariants_20042021
MI.24190	N	MITOMAP_GeneralVariants_20042021
MI.7	N	MITOMAP_GeneralVariants_20042021
MI.11	N	MITOMAP_GeneralVariants_20042021
MI.1794	N	MITOMAP_GeneralVariants_20042021
MI.16	N	MITOMAP_GeneralVariants_20042021
MI.23	N	MITOMAP_GeneralVariants_20042021
MI.27	N	MITOMAP_GeneralVariants_20042021
MI.1806	N	MITOMAP_GeneralVariants_20042021
MI.1810	N	MITOMAP_GeneralVariants_20042021
MI.1815	N	MITOMAP_GeneralVariants_20042021
MI.32	N	MITOMAP_GeneralVariants_20042021
MI.1817	N	MITOMAP_GeneralVariants_20042021
MI.36	N	MITOMAP_GeneralVariants_20042021
MI.44	N	MITOMAP_GeneralVariants_20042021
MI.1830	N	MITOMAP_GeneralVariants_20042021
MI.51	N	MITOMAP_GeneralVariants_20042021
MI.59	N	MITOMAP_GeneralVariants_20042021
MI.1840	N	MITOMAP_GeneralVariants_20042021
MI.1843	N	MITOMAP_GeneralVariants_20042021
MI.63	N	MITOMAP_GeneralVariants_20042021
MI.66	N	MITOMAP_GeneralVariants_20042021
MI.1847	N	MITOMAP_GeneralVariants_20042021
MI.71	N	MITOMAP_GeneralVariants_20042021
MI.72	N	MITOMAP_GeneralVariants_20042021
MI.1849	N	MITOMAP_GeneralVariants_20042021
MI.1856	N	MITOMAP_GeneralVariants_20042021
MI.1861	N	MITOMAP_GeneralVariants_20042021
MI.83	N	MITOMAP_GeneralVariants_20042021
MI.1865	N	MITOMAP_GeneralVariants_20042021
MI.87	N	MITOMAP_GeneralVariants_20042021
MI.1872	N	MITOMAP_GeneralVariants_20042021
MI.90	N	MITOMAP_GeneralVariants_20042021
MI.1874	N	MITOMAP_GeneralVariants_20042021
MI.93	N	MITOMAP_GeneralVariants_20042021
MI.1875	N	MITOMAP_GeneralVariants_20042021
MI.94	N	MITOMAP_GeneralVariants_20042021
MI.100	N	MITOMAP_GeneralVariants_20042021
MI.113	N	MITOMAP_GeneralVariants_20042021
MI.117	N	MITOMAP_GeneralVariants_20042021
MI.121	N	MITOMAP_GeneralVariants_20042021
MI.125	N	MITOMAP_GeneralVariants_20042021
MI.130	N	MITOMAP_GeneralVariants_20042021
MI.133	N	MITOMAP_GeneralVariants_20042021
MI.132	N	MITOMAP_GeneralVariants_20042021
MI.137	N	MITOMAP_GeneralVariants_20042021
MI.140	N	MITOMAP_GeneralVariants_20042021
MI.144	N	MITOMAP_GeneralVariants_20042021
MI.148	N	MITOMAP_GeneralVariants_20042021
MI.158	N	MITOMAP_GeneralVariants_20042021
MI.161	N	MITOMAP_GeneralVariants_20042021
MI.165	N	MITOMAP_GeneralVariants_20042021
MI.169	N	MITOMAP_GeneralVariants_20042021
MI.180	N	MITOMAP_GeneralVariants_20042021
MI.189	N	MITOMAP_GeneralVariants_20042021
MI.190	N	MITOMAP_GeneralVariants_20042021
MI.195	N	MITOMAP_GeneralVariants_20042021
MI.198	N	MITOMAP_GeneralVariants_20042021
MI.207	N	MITOMAP_GeneralVariants_20042021
MI.212	N	MITOMAP_GeneralVariants_20042021
MI.226	N	MITOMAP_GeneralVariants_20042021
MI.227	N	MITOMAP_GeneralVariants_20042021
MI.232	N	MITOMAP_GeneralVariants_20042021
MI.231	N	MITOMAP_GeneralVariants_20042021
MI.234	N	MITOMAP_GeneralVariants_20042021
MI.237	N	MITOMAP_GeneralVariants_20042021
MI.239	N	MITOMAP_GeneralVariants_20042021
MI.246	N	MITOMAP_GeneralVariants_20042021
MI.249	N	MITOMAP_GeneralVariants_20042021
MI.255	N	MITOMAP_GeneralVariants_20042021
MI.263	N	MITOMAP_GeneralVariants_20042021
MI.262	N	MITOMAP_GeneralVariants_20042021
MI.266	N	MITOMAP_GeneralVariants_20042021
MI.272	N	MITOMAP_GeneralVariants_20042021
MI.274	N	MITOMAP_GeneralVariants_20042021
MI.278	N	MITOMAP_GeneralVariants_20042021
MI.281	N	MITOMAP_GeneralVariants_20042021
MI.285	N	MITOMAP_GeneralVariants_20042021
MI.284	N	MITOMAP_GeneralVariants_20042021
MI.300	N	MITOMAP_GeneralVariants_20042021
MI.315	N	MITOMAP_GeneralVariants_20042021
MI.320	N	MITOMAP_GeneralVariants_20042021
MI.324	N	MITOMAP_GeneralVariants_20042021
MI.328	N	MITOMAP_GeneralVariants_20042021
MI.330	N	MITOMAP_GeneralVariants_20042021
MI.331	N	MITOMAP_GeneralVariants_20042021
MI.336	N	MITOMAP_GeneralVariants_20042021
MI.337	N	MITOMAP_GeneralVariants_20042021
MI.340	N	MITOMAP_GeneralVariants_20042021
MI.345	N	MITOMAP_GeneralVariants_20042021
MI.361	N	MITOMAP_GeneralVariants_20042021
MI.369	N	MITOMAP_GeneralVariants_20042021
MI.370	N	MITOMAP_GeneralVariants_20042021
MI.374	N	MITOMAP_GeneralVariants_20042021
MI.377	N	MITOMAP_GeneralVariants_20042021
MI.380	N	MITOMAP_GeneralVariants_20042021
MI.378	N	MITOMAP_GeneralVariants_20042021
MI.381	N	MITOMAP_GeneralVariants_20042021
MI.384	N	MITOMAP_GeneralVariants_20042021
MI.397	N	MITOMAP_GeneralVariants_20042021
MI.402	N	MITOMAP_GeneralVariants_20042021
MI.417	N	MITOMAP_GeneralVariants_20042021
MI.422	N	MITOMAP_GeneralVariants_20042021
MI.424	N	MITOMAP_GeneralVariants_20042021
MI.442	N	MITOMAP_GeneralVariants_20042021
MI.451	N	MITOMAP_GeneralVariants_20042021
MI.460	N	MITOMAP_GeneralVariants_20042021
MI.473	N	MITOMAP_GeneralVariants_20042021
MI.479	N	MITOMAP_GeneralVariants_20042021
MI.488	N	MITOMAP_GeneralVariants_20042021
MI.503	N	MITOMAP_GeneralVariants_20042021
MI.505	N	MITOMAP_GeneralVariants_20042021
MI.510	N	MITOMAP_GeneralVariants_20042021
MI.512	N	MITOMAP_GeneralVariants_20042021
MI.517	N	MITOMAP_GeneralVariants_20042021
MI.518	N	MITOMAP_GeneralVariants_20042021
MI.531	N	MITOMAP_GeneralVariants_20042021
MI.534	N	MITOMAP_GeneralVariants_20042021
MI.552	N	MITOMAP_GeneralVariants_20042021
MI.591	N	MITOMAP_GeneralVariants_20042021
MI.589	N	MITOMAP_GeneralVariants_20042021
MI.607	N	MITOMAP_GeneralVariants_20042021
MI.606	N	MITOMAP_GeneralVariants_20042021
MI.624	N	MITOMAP_GeneralVariants_20042021
MI.634	N	MITOMAP_GeneralVariants_20042021
MI.651	N	MITOMAP_GeneralVariants_20042021
MI.659	N	MITOMAP_GeneralVariants_20042021
MI.665	N	MITOMAP_GeneralVariants_20042021
MI.666	N	MITOMAP_GeneralVariants_20042021
MI.669	N	MITOMAP_GeneralVariants_20042021
MI.671	N	MITOMAP_GeneralVariants_20042021
MI.670	N	MITOMAP_GeneralVariants_20042021
MI.691	N	MITOMAP_GeneralVariants_20042021
MI.696	N	MITOMAP_GeneralVariants_20042021
MI.698	N	MITOMAP_GeneralVariants_20042021
MI.701	N	MITOMAP_GeneralVariants_20042021
MI.709	N	MITOMAP_GeneralVariants_20042021
MI.708	N	MITOMAP_GeneralVariants_20042021
MI.710	N	MITOMAP_GeneralVariants_20042021
MI.713	N	MITOMAP_GeneralVariants_20042021
MI.717	N	MITOMAP_GeneralVariants_20042021
MI.718	N	MITOMAP_GeneralVariants_20042021
MI.721	N	MITOMAP_GeneralVariants_20042021
MI.726	N	MITOMAP_GeneralVariants_20042021
MI.729	N	MITOMAP_GeneralVariants_20042021
MI.734	N	MITOMAP_GeneralVariants_20042021
MI.739	N	MITOMAP_GeneralVariants_20042021
MI.750	N	MITOMAP_GeneralVariants_20042021
MI.757	N	MITOMAP_GeneralVariants_20042021
MI.766	N	MITOMAP_GeneralVariants_20042021
MI.769	N	MITOMAP_GeneralVariants_20042021
MI.779	N	MITOMAP_GeneralVariants_20042021
MI.783	N	MITOMAP_GeneralVariants_20042021
MI.786	N	MITOMAP_GeneralVariants_20042021
MI.787	N	MITOMAP_GeneralVariants_20042021
MI.792	N	MITOMAP_GeneralVariants_20042021
MI.800	N	MITOMAP_GeneralVariants_20042021
MI.806	N	MITOMAP_GeneralVariants_20042021
MI.807	N	MITOMAP_GeneralVariants_20042021
MI.813	N	MITOMAP_GeneralVariants_20042021
MI.819	N	MITOMAP_GeneralVariants_20042021
MI.839	N	MITOMAP_GeneralVariants_20042021
MI.845	N	MITOMAP_GeneralVariants_20042021
MI.856	N	MITOMAP_GeneralVariants_20042021
MI.859	N	MITOMAP_GeneralVariants_20042021
MI.860	N	MITOMAP_GeneralVariants_20042021
MI.864	N	MITOMAP_GeneralVariants_20042021
MI.869	N	MITOMAP_GeneralVariants_20042021
MI.876	N	MITOMAP_GeneralVariants_20042021
MI.882	N	MITOMAP_GeneralVariants_20042021
MI.887	N	MITOMAP_GeneralVariants_20042021
MI.890	N	MITOMAP_GeneralVariants_20042021
MI.892	N	MITOMAP_GeneralVariants_20042021
MI.903	N	MITOMAP_GeneralVariants_20042021
MI.906	N	MITOMAP_GeneralVariants_20042021
MI.908	N	MITOMAP_GeneralVariants_20042021
MI.928	N	MITOMAP_GeneralVariants_20042021
MI.930	N	MITOMAP_GeneralVariants_20042021
MI.932	N	MITOMAP_GeneralVariants_20042021
MI.935	N	MITOMAP_GeneralVariants_20042021
MI.938	N	MITOMAP_GeneralVariants_20042021
MI.943	N	MITOMAP_GeneralVariants_20042021
MI.953	N	MITOMAP_GeneralVariants_20042021
MI.955	N	MITOMAP_GeneralVariants_20042021
MI.957	N	MITOMAP_GeneralVariants_20042021
MI.964	N	MITOMAP_GeneralVariants_20042021
MI.969	N	MITOMAP_GeneralVariants_20042021
MI.982	N	MITOMAP_GeneralVariants_20042021
MI.983	N	MITOMAP_GeneralVariants_20042021
MI.987	N	MITOMAP_GeneralVariants_20042021
MI.1000	N	MITOMAP_GeneralVariants_20042021
MI.1004	N	MITOMAP_GeneralVariants_20042021
MI.1022	N	MITOMAP_GeneralVariants_20042021
MI.1021	N	MITOMAP_GeneralVariants_20042021
MI.1025	N	MITOMAP_GeneralVariants_20042021
MI.1032	N	MITOMAP_GeneralVariants_20042021
MI.1052	N	MITOMAP_GeneralVariants_20042021
MI.1055	N	MITOMAP_GeneralVariants_20042021
MI.1066	N	MITOMAP_GeneralVariants_20042021
MI.1086	N	MITOMAP_GeneralVariants_20042021
MI.1089	N	MITOMAP_GeneralVariants_20042021
MI.1091	N	MITOMAP_GeneralVariants_20042021
MI.1108	N	MITOMAP_GeneralVariants_20042021
MI.1109	N	MITOMAP_GeneralVariants_20042021
MI.1120	N	MITOMAP_GeneralVariants_20042021
MI.1124	N	MITOMAP_GeneralVariants_20042021
MI.1129	N	MITOMAP_GeneralVariants_20042021
MI.1142	N	MITOMAP_GeneralVariants_20042021
MI.1146	N	MITOMAP_GeneralVariants_20042021
MI.1150	N	MITOMAP_GeneralVariants_20042021
MI.1151	N	MITOMAP_GeneralVariants_20042021
MI.1155	N	MITOMAP_GeneralVariants_20042021
MI.1157	N	MITOMAP_GeneralVariants_20042021
MI.1160	N	MITOMAP_GeneralVariants_20042021
MI.1169	N	MITOMAP_GeneralVariants_20042021
MI.1175	N	MITOMAP_GeneralVariants_20042021
MI.1177	N	MITOMAP_GeneralVariants_20042021
MI.1185	N	MITOMAP_GeneralVariants_20042021
MI.1197	N	MITOMAP_GeneralVariants_20042021
MI.1200	N	MITOMAP_GeneralVariants_20042021
MI.1204	N	MITOMAP_GeneralVariants_20042021
MI.1205	N	MITOMAP_GeneralVariants_20042021
MI.1209	N	MITOMAP_GeneralVariants_20042021
MI.1211	N	MITOMAP_GeneralVariants_20042021
MI.1214	N	MITOMAP_GeneralVariants_20042021
MI.1217	N	MITOMAP_GeneralVariants_20042021
MI.1219	N	MITOMAP_GeneralVariants_20042021
MI.1222	N	MITOMAP_GeneralVariants_20042021
MI.1226	N	MITOMAP_GeneralVariants_20042021
MI.1227	N	MITOMAP_GeneralVariants_20042021
MI.1232	N	MITOMAP_GeneralVariants_20042021
MI.1236	N	MITOMAP_GeneralVariants_20042021
MI.1239	N	MITOMAP_GeneralVariants_20042021
MI.1240	N	MITOMAP_GeneralVariants_20042021
MI.1243	N	MITOMAP_GeneralVariants_20042021
MI.1257	N	MITOMAP_GeneralVariants_20042021
MI.1260	N	MITOMAP_GeneralVariants_20042021
MI.1264	N	MITOMAP_GeneralVariants_20042021
MI.1276	N	MITOMAP_GeneralVariants_20042021
MI.1279	N	MITOMAP_GeneralVariants_20042021
MI.1281	N	MITOMAP_GeneralVariants_20042021
MI.1284	N	MITOMAP_GeneralVariants_20042021
MI.1285	N	MITOMAP_GeneralVariants_20042021
MI.1297	N	MITOMAP_GeneralVariants_20042021
MI.1302	N	MITOMAP_GeneralVariants_20042021
MI.1304	N	MITOMAP_GeneralVariants_20042021
MI.1308	N	MITOMAP_GeneralVariants_20042021
MI.1313	N	MITOMAP_GeneralVariants_20042021
MI.1311	N	MITOMAP_GeneralVariants_20042021
MI.1317	N	MITOMAP_GeneralVariants_20042021
MI.1325	N	MITOMAP_GeneralVariants_20042021
MI.1331	N	MITOMAP_GeneralVariants_20042021
MI.1335	N	MITOMAP_GeneralVariants_20042021
MI.1344	N	MITOMAP_GeneralVariants_20042021
MI.1351	N	MITOMAP_GeneralVariants_20042021
MI.1357	N	MITOMAP_GeneralVariants_20042021
MI.1365	N	MITOMAP_GeneralVariants_20042021
MI.1382	N	MITOMAP_GeneralVariants_20042021
MI.1386	N	MITOMAP_GeneralVariants_20042021
MI.1394	N	MITOMAP_GeneralVariants_20042021
MI.1396	N	MITOMAP_GeneralVariants_20042021
MI.1395	N	MITOMAP_GeneralVariants_20042021
MI.1402	N	MITOMAP_GeneralVariants_20042021
MI.1405	N	MITOMAP_GeneralVariants_20042021
MI.1407	N	MITOMAP_GeneralVariants_20042021
MI.1409	N	MITOMAP_GeneralVariants_20042021
MI.1417	N	MITOMAP_GeneralVariants_20042021
MI.1418	N	MITOMAP_GeneralVariants_20042021
MI.1425	N	MITOMAP_GeneralVariants_20042021
MI.1435	N	MITOMAP_GeneralVariants_20042021
MI.6651	N	MITOMAP_GeneralVariants_20042021
MI.6656	N	MITOMAP_GeneralVariants_20042021
MI.6661	N	MITOMAP_GeneralVariants_20042021
MI.6660	N	MITOMAP_GeneralVariants_20042021
MI.6673	N	MITOMAP_GeneralVariants_20042021
MI.6676	N	MITOMAP_GeneralVariants_20042021
MI.6705	N	MITOMAP_GeneralVariants_20042021
MI.6726	N	MITOMAP_GeneralVariants_20042021
MI.6761	N	MITOMAP_GeneralVariants_20042021
MI.6762	N	MITOMAP_GeneralVariants_20042021
MI.6767	N	MITOMAP_GeneralVariants_20042021
MI.6777	N	MITOMAP_GeneralVariants_20042021
MI.6786	N	MITOMAP_GeneralVariants_20042021
MI.6804	N	MITOMAP_GeneralVariants_20042021
MI.6806	N	MITOMAP_GeneralVariants_20042021
MI.6808	N	MITOMAP_GeneralVariants_20042021
MI.6812	N	MITOMAP_GeneralVariants_20042021
MI.6835	N	MITOMAP_GeneralVariants_20042021
MI.6836	N	MITOMAP_GeneralVariants_20042021
MI.6842	N	MITOMAP_GeneralVariants_20042021
MI.6854	N	MITOMAP_GeneralVariants_20042021
MI.6873	N	MITOMAP_GeneralVariants_20042021
MI.6872	N	MITOMAP_GeneralVariants_20042021
MI.6874	N	MITOMAP_GeneralVariants_20042021
MI.6892	N	MITOMAP_GeneralVariants_20042021
MI.6894	N	MITOMAP_GeneralVariants_20042021
MI.6899	N	MITOMAP_GeneralVariants_20042021
MI.6909	N	MITOMAP_GeneralVariants_20042021
MI.6914	N	MITOMAP_GeneralVariants_20042021
MI.6917	N	MITOMAP_GeneralVariants_20042021
MI.6919	N	MITOMAP_GeneralVariants_20042021
MI.6951	N	MITOMAP_GeneralVariants_20042021
MI.6956	N	MITOMAP_GeneralVariants_20042021
MI.6983	N	MITOMAP_GeneralVariants_20042021
MI.7027	N	MITOMAP_GeneralVariants_20042021
MI.7093	N	MITOMAP_GeneralVariants_20042021
MI.7095	N	MITOMAP_GeneralVariants_20042021
MI.7099	N	MITOMAP_GeneralVariants_20042021
MI.7145	N	MITOMAP_GeneralVariants_20042021
MI.7159	N	MITOMAP_GeneralVariants_20042021
MI.7187	N	MITOMAP_GeneralVariants_20042021
MI.7191	N	MITOMAP_GeneralVariants_20042021
MI.7207	N	MITOMAP_GeneralVariants_20042021
MI.7211	N	MITOMAP_GeneralVariants_20042021
MI.7237	N	MITOMAP_GeneralVariants_20042021
MI.7246	N	MITOMAP_GeneralVariants_20042021
MI.7254	N	MITOMAP_GeneralVariants_20042021
MI.7261	N	MITOMAP_GeneralVariants_20042021
MI.7292	N	MITOMAP_GeneralVariants_20042021
MI.7315	N	MITOMAP_GeneralVariants_20042021
MI.7316	N	MITOMAP_GeneralVariants_20042021
MI.7327	N	MITOMAP_GeneralVariants_20042021
MI.7347	N	MITOMAP_GeneralVariants_20042021
MI.7365	N	MITOMAP_GeneralVariants_20042021
MI.7383	N	MITOMAP_GeneralVariants_20042021
MI.7408	N	MITOMAP_GeneralVariants_20042021
MI.7450	N	MITOMAP_GeneralVariants_20042021
MI.7451	N	MITOMAP_GeneralVariants_20042021
MI.7476	N	MITOMAP_GeneralVariants_20042021
MI.7490	N	MITOMAP_GeneralVariants_20042021
MI.7491	N	MITOMAP_GeneralVariants_20042021
MI.7508	N	MITOMAP_GeneralVariants_20042021
MI.7524	N	MITOMAP_GeneralVariants_20042021
MI.7525	N	MITOMAP_GeneralVariants_20042021
MI.7528	N	MITOMAP_GeneralVariants_20042021
MI.7581	N	MITOMAP_GeneralVariants_20042021
MI.7588	N	MITOMAP_GeneralVariants_20042021
MI.7591	N	MITOMAP_GeneralVariants_20042021
MI.7595	N	MITOMAP_GeneralVariants_20042021
MI.7597	N	MITOMAP_GeneralVariants_20042021
MI.7605	N	MITOMAP_GeneralVariants_20042021
MI.7613	N	MITOMAP_GeneralVariants_20042021
MI.7626	N	MITOMAP_GeneralVariants_20042021
MI.7641	N	MITOMAP_GeneralVariants_20042021
MI.7672	N	MITOMAP_GeneralVariants_20042021
MI.7677	N	MITOMAP_GeneralVariants_20042021
MI.7690	N	MITOMAP_GeneralVariants_20042021
MI.7716	N	MITOMAP_GeneralVariants_20042021
MI.7738	N	MITOMAP_GeneralVariants_20042021
MI.7743	N	MITOMAP_GeneralVariants_20042021
MI.7759	N	MITOMAP_GeneralVariants_20042021
MI.7763	N	MITOMAP_GeneralVariants_20042021
MI.7768	N	MITOMAP_GeneralVariants_20042021
MI.7771	N	MITOMAP_GeneralVariants_20042021
MI.7784	N	MITOMAP_GeneralVariants_20042021
MI.7790	N	MITOMAP_GeneralVariants_20042021
MI.7792	N	MITOMAP_GeneralVariants_20042021
MI.7791	N	MITOMAP_GeneralVariants_20042021
MI.7795	N	MITOMAP_GeneralVariants_20042021
MI.7800	N	MITOMAP_GeneralVariants_20042021
MI.7804	N	MITOMAP_GeneralVariants_20042021
MI.7818	N	MITOMAP_GeneralVariants_20042021
MI.7846	N	MITOMAP_GeneralVariants_20042021
MI.7852	N	MITOMAP_GeneralVariants_20042021
MI.7854	N	MITOMAP_GeneralVariants_20042021
MI.7900	N	MITOMAP_GeneralVariants_20042021
MI.7903	N	MITOMAP_GeneralVariants_20042021
MI.7904	N	MITOMAP_GeneralVariants_20042021
MI.7921	N	MITOMAP_GeneralVariants_20042021
MI.7942	N	MITOMAP_GeneralVariants_20042021
MI.7957	N	MITOMAP_GeneralVariants_20042021
MI.7986	N	MITOMAP_GeneralVariants_20042021
MI.7991	N	MITOMAP_GeneralVariants_20042021
MI.8009	N	MITOMAP_GeneralVariants_20042021
MI.8010	N	MITOMAP_GeneralVariants_20042021
MI.8016	N	MITOMAP_GeneralVariants_20042021
MI.8034	N	MITOMAP_GeneralVariants_20042021
MI.8042	N	MITOMAP_GeneralVariants_20042021
MI.8045	N	MITOMAP_GeneralVariants_20042021
MI.8077	N	MITOMAP_GeneralVariants_20042021
MI.8101	N	MITOMAP_GeneralVariants_20042021
MI.8102	N	MITOMAP_GeneralVariants_20042021
MI.8107	N	MITOMAP_GeneralVariants_20042021
MI.8130	N	MITOMAP_GeneralVariants_20042021
MI.8145	N	MITOMAP_GeneralVariants_20042021
MI.8150	N	MITOMAP_GeneralVariants_20042021
MI.8152	N	MITOMAP_GeneralVariants_20042021
MI.8174	N	MITOMAP_GeneralVariants_20042021
MI.8231	N	MITOMAP_GeneralVariants_20042021
MI.8236	N	MITOMAP_GeneralVariants_20042021
MI.8269	N	MITOMAP_GeneralVariants_20042021
MI.8279	N	MITOMAP_GeneralVariants_20042021
MI.8292	N	MITOMAP_GeneralVariants_20042021
MI.14981	N	MITOMAP_GeneralVariants_20042021
MI.15005	N	MITOMAP_GeneralVariants_20042021
MI.15008	N	MITOMAP_GeneralVariants_20042021
MI.15012	N	MITOMAP_GeneralVariants_20042021
MI.15016	N	MITOMAP_GeneralVariants_20042021
MI.15046	N	MITOMAP_GeneralVariants_20042021
MI.15060	N	MITOMAP_GeneralVariants_20042021
MI.15069	N	MITOMAP_GeneralVariants_20042021
MI.15073	N	MITOMAP_GeneralVariants_20042021
MI.15078	N	MITOMAP_GeneralVariants_20042021
MI.15085	N	MITOMAP_GeneralVariants_20042021
MI.15108	N	MITOMAP_GeneralVariants_20042021
MI.15140	N	MITOMAP_GeneralVariants_20042021
MI.15154	N	MITOMAP_GeneralVariants_20042021
MI.15177	N	MITOMAP_GeneralVariants_20042021
MI.15175	N	MITOMAP_GeneralVariants_20042021
MI.15241	N	MITOMAP_GeneralVariants_20042021
MI.15250	N	MITOMAP_GeneralVariants_20042021
MI.15251	N	MITOMAP_GeneralVariants_20042021
MI.15252	N	MITOMAP_GeneralVariants_20042021
MI.15270	N	MITOMAP_GeneralVariants_20042021
MI.15494	N	MITOMAP_GeneralVariants_20042021
MI.15509	N	MITOMAP_GeneralVariants_20042021
MI.15521	N	MITOMAP_GeneralVariants_20042021
MI.15524	N	MITOMAP_GeneralVariants_20042021
MI.15530	N	MITOMAP_GeneralVariants_20042021
MI.15535	N	MITOMAP_GeneralVariants_20042021
MI.15534	N	MITOMAP_GeneralVariants_20042021
MI.15537	N	MITOMAP_GeneralVariants_20042021
MI.15553	N	MITOMAP_GeneralVariants_20042021
MI.15572	N	MITOMAP_GeneralVariants_20042021
MI.15575	N	MITOMAP_GeneralVariants_20042021
MI.15576	N	MITOMAP_GeneralVariants_20042021
MI.15581	N	MITOMAP_GeneralVariants_20042021
MI.15614	N	MITOMAP_GeneralVariants_20042021
MI.15618	N	MITOMAP_GeneralVariants_20042021
MI.15631	N	MITOMAP_GeneralVariants_20042021
MI.15647	N	MITOMAP_GeneralVariants_20042021
MI.15682	N	MITOMAP_GeneralVariants_20042021
MI.15709	N	MITOMAP_GeneralVariants_20042021
MI.15743	N	MITOMAP_GeneralVariants_20042021
MI.15772	N	MITOMAP_GeneralVariants_20042021
MI.15784	N	MITOMAP_GeneralVariants_20042021
MI.15806	N	MITOMAP_GeneralVariants_20042021
MI.15820	N	MITOMAP_GeneralVariants_20042021
MI.15819	N	MITOMAP_GeneralVariants_20042021
MI.15856	N	MITOMAP_GeneralVariants_20042021
MI.15962	N	MITOMAP_GeneralVariants_20042021
MI.15983	N	MITOMAP_GeneralVariants_20042021
MI.15984	N	MITOMAP_GeneralVariants_20042021
MI.16008	N	MITOMAP_GeneralVariants_20042021
MI.16060	N	MITOMAP_GeneralVariants_20042021
MI.16080	N	MITOMAP_GeneralVariants_20042021
MI.16084	N	MITOMAP_GeneralVariants_20042021
MI.16155	N	MITOMAP_GeneralVariants_20042021
MI.16170	N	MITOMAP_GeneralVariants_20042021
MI.16184	N	MITOMAP_GeneralVariants_20042021
MI.16190	N	MITOMAP_GeneralVariants_20042021
MI.16265	N	MITOMAP_GeneralVariants_20042021
MI.16270	N	MITOMAP_GeneralVariants_20042021
MI.16285	N	MITOMAP_GeneralVariants_20042021
MI.16344	N	MITOMAP_GeneralVariants_20042021
MI.16362	N	MITOMAP_GeneralVariants_20042021
MI.16411	N	MITOMAP_GeneralVariants_20042021
MI.16425	N	MITOMAP_GeneralVariants_20042021
MI.16440	N	MITOMAP_GeneralVariants_20042021
MI.16439	N	MITOMAP_GeneralVariants_20042021
MI.16485	N	MITOMAP_GeneralVariants_20042021
MI.16492	N	MITOMAP_GeneralVariants_20042021
MI.16535	N	MITOMAP_GeneralVariants_20042021
MI.16588	N	MITOMAP_GeneralVariants_20042021
MI.16599	N	MITOMAP_GeneralVariants_20042021
MI.16608	N	MITOMAP_GeneralVariants_20042021
MI.16618	N	MITOMAP_GeneralVariants_20042021
MI.16638	N	MITOMAP_GeneralVariants_20042021
MI.16639	N	MITOMAP_GeneralVariants_20042021
MI.16654	N	MITOMAP_GeneralVariants_20042021
MI.16669	N	MITOMAP_GeneralVariants_20042021
MI.16672	N	MITOMAP_GeneralVariants_20042021
MI.16675	N	MITOMAP_GeneralVariants_20042021
MI.16691	N	MITOMAP_GeneralVariants_20042021
MI.16762	N	MITOMAP_GeneralVariants_20042021
MI.16799	N	MITOMAP_GeneralVariants_20042021
MI.16858	N	MITOMAP_GeneralVariants_20042021
MI.16859	N	MITOMAP_GeneralVariants_20042021
MI.16863	N	MITOMAP_GeneralVariants_20042021
MI.16865	N	MITOMAP_GeneralVariants_20042021
MI.16883	N	MITOMAP_GeneralVariants_20042021
MI.16909	N	MITOMAP_GeneralVariants_20042021
MI.16954	N	MITOMAP_GeneralVariants_20042021
MI.16970	N	MITOMAP_GeneralVariants_20042021
MI.16989	N	MITOMAP_GeneralVariants_20042021
MI.16999	N	MITOMAP_GeneralVariants_20042021
MI.17009	N	MITOMAP_GeneralVariants_20042021
MI.17017	N	MITOMAP_GeneralVariants_20042021
MI.17076	N	MITOMAP_GeneralVariants_20042021
MI.17088	N	MITOMAP_GeneralVariants_20042021
MI.17105	N	MITOMAP_GeneralVariants_20042021
MI.17107	N	MITOMAP_GeneralVariants_20042021
MI.17137	N	MITOMAP_GeneralVariants_20042021
MI.17152	N	MITOMAP_GeneralVariants_20042021
MI.17166	N	MITOMAP_GeneralVariants_20042021
MI.17197	N	MITOMAP_GeneralVariants_20042021
MI.17209	N	MITOMAP_GeneralVariants_20042021
MI.17264	N	MITOMAP_GeneralVariants_20042021
MI.17269	N	MITOMAP_GeneralVariants_20042021
MI.17316	N	MITOMAP_GeneralVariants_20042021
MI.17344	N	MITOMAP_GeneralVariants_20042021
MI.17362	N	MITOMAP_GeneralVariants_20042021
MI.17370	N	MITOMAP_GeneralVariants_20042021
MI.17399	N	MITOMAP_GeneralVariants_20042021
MI.17401	N	MITOMAP_GeneralVariants_20042021
MI.17481	N	MITOMAP_GeneralVariants_20042021
MI.17499	N	MITOMAP_GeneralVariants_20042021
MI.17500	N	MITOMAP_GeneralVariants_20042021
MI.17504	N	MITOMAP_GeneralVariants_20042021
MI.17509	N	MITOMAP_GeneralVariants_20042021
MI.17512	N	MITOMAP_GeneralVariants_20042021
MI.17541	N	MITOMAP_GeneralVariants_20042021
MI.17591	N	MITOMAP_GeneralVariants_20042021
MI.17694	N	MITOMAP_GeneralVariants_20042021
MI.17740	N	MITOMAP_GeneralVariants_20042021
MI.17773	N	MITOMAP_GeneralVariants_20042021
MI.17784	N	MITOMAP_GeneralVariants_20042021
MI.17810	N	MITOMAP_GeneralVariants_20042021
MI.17828	N	MITOMAP_GeneralVariants_20042021
MI.17877	N	MITOMAP_GeneralVariants_20042021
MI.17975	N	MITOMAP_GeneralVariants_20042021
MI.17981	N	MITOMAP_GeneralVariants_20042021
MI.18051	N	MITOMAP_GeneralVariants_20042021
MI.18073	N	MITOMAP_GeneralVariants_20042021
MI.18148	N	MITOMAP_GeneralVariants_20042021
MI.18202	N	MITOMAP_GeneralVariants_20042021
MI.18298	N	MITOMAP_GeneralVariants_20042021
MI.18319	N	MITOMAP_GeneralVariants_20042021
MI.18376	N	MITOMAP_GeneralVariants_20042021
MI.18412	N	MITOMAP_GeneralVariants_20042021
MI.18531	N	MITOMAP_GeneralVariants_20042021
MI.18622	N	MITOMAP_GeneralVariants_20042021
MI.18732	N	MITOMAP_GeneralVariants_20042021
MI.18740	N	MITOMAP_GeneralVariants_20042021
MI.18757	N	MITOMAP_GeneralVariants_20042021
MI.18778	N	MITOMAP_GeneralVariants_20042021
MI.18783	N	MITOMAP_GeneralVariants_20042021
MI.18785	N	MITOMAP_GeneralVariants_20042021
MI.18816	N	MITOMAP_GeneralVariants_20042021
MI.18850	N	MITOMAP_GeneralVariants_20042021
MI.18849	N	MITOMAP_GeneralVariants_20042021
MI.18861	N	MITOMAP_GeneralVariants_20042021
MI.18877	N	MITOMAP_GeneralVariants_20042021
MI.18945	N	MITOMAP_GeneralVariants_20042021
MI.18949	N	MITOMAP_GeneralVariants_20042021
MI.18952	N	MITOMAP_GeneralVariants_20042021
MI.18957	N	MITOMAP_GeneralVariants_20042021
MI.18964	N	MITOMAP_GeneralVariants_20042021
MI.18991	N	MITOMAP_GeneralVariants_20042021
MI.18993	N	MITOMAP_GeneralVariants_20042021
MI.19006	N	MITOMAP_GeneralVariants_20042021
MI.19053	N	MITOMAP_GeneralVariants_20042021
MI.19080	N	MITOMAP_GeneralVariants_20042021
MI.19087	N	MITOMAP_GeneralVariants_20042021
MI.19108	N	MITOMAP_GeneralVariants_20042021
MI.19111	N	MITOMAP_GeneralVariants_20042021
MI.19119	N	MITOMAP_GeneralVariants_20042021
MI.19126	N	MITOMAP_GeneralVariants_20042021
MI.19128	N	MITOMAP_GeneralVariants_20042021
MI.19170	N	MITOMAP_GeneralVariants_20042021
MI.19196	N	MITOMAP_GeneralVariants_20042021
MI.19214	N	MITOMAP_GeneralVariants_20042021
MI.19218	N	MITOMAP_GeneralVariants_20042021
MI.19222	N	MITOMAP_GeneralVariants_20042021
MI.19223	N	MITOMAP_GeneralVariants_20042021
MI.19226	N	MITOMAP_GeneralVariants_20042021
MI.19233	N	MITOMAP_GeneralVariants_20042021
MI.19236	N	MITOMAP_GeneralVariants_20042021
MI.19245	N	MITOMAP_GeneralVariants_20042021
MI.19254	N	MITOMAP_GeneralVariants_20042021
MI.19259	N	MITOMAP_GeneralVariants_20042021
MI.19273	N	MITOMAP_GeneralVariants_20042021
MI.19281	N	MITOMAP_GeneralVariants_20042021
MI.19288	N	MITOMAP_GeneralVariants_20042021
MI.19301	N	MITOMAP_GeneralVariants_20042021
MI.19305	N	MITOMAP_GeneralVariants_20042021
MI.19324	N	MITOMAP_GeneralVariants_20042021
MI.19335	N	MITOMAP_GeneralVariants_20042021
MI.19355	N	MITOMAP_GeneralVariants_20042021
MI.19358	N	MITOMAP_GeneralVariants_20042021
MI.19360	N	MITOMAP_GeneralVariants_20042021
MI.19363	N	MITOMAP_GeneralVariants_20042021
MI.19368	N	MITOMAP_GeneralVariants_20042021
MI.19377	N	MITOMAP_GeneralVariants_20042021
MI.19391	N	MITOMAP_GeneralVariants_20042021
MI.19397	N	MITOMAP_GeneralVariants_20042021
MI.19402	N	MITOMAP_GeneralVariants_20042021
MI.19412	N	MITOMAP_GeneralVariants_20042021
MI.19411	N	MITOMAP_GeneralVariants_20042021
MI.19414	N	MITOMAP_GeneralVariants_20042021
MI.19416	N	MITOMAP_GeneralVariants_20042021
MI.19435	N	MITOMAP_GeneralVariants_20042021
MI.19438	N	MITOMAP_GeneralVariants_20042021
MI.19459	N	MITOMAP_GeneralVariants_20042021
MI.19465	N	MITOMAP_GeneralVariants_20042021
MI.19475	N	MITOMAP_GeneralVariants_20042021
MI.19505	N	MITOMAP_GeneralVariants_20042021
MI.19517	N	MITOMAP_GeneralVariants_20042021
MI.19525	N	MITOMAP_GeneralVariants_20042021
MI.19534	N	MITOMAP_GeneralVariants_20042021
MI.19533	N	MITOMAP_GeneralVariants_20042021
MI.19552	N	MITOMAP_GeneralVariants_20042021
MI.19556	N	MITOMAP_GeneralVariants_20042021
MI.19559	N	MITOMAP_GeneralVariants_20042021
MI.19572	N	MITOMAP_GeneralVariants_20042021
MI.19577	N	MITOMAP_GeneralVariants_20042021
MI.19595	N	MITOMAP_GeneralVariants_20042021
MI.19604	N	MITOMAP_GeneralVariants_20042021
MI.19630	N	MITOMAP_GeneralVariants_20042021
MI.19646	N	MITOMAP_GeneralVariants_20042021
MI.19655	N	MITOMAP_GeneralVariants_20042021
MI.19670	N	MITOMAP_GeneralVariants_20042021
MI.19673	N	MITOMAP_GeneralVariants_20042021
MI.19676	N	MITOMAP_GeneralVariants_20042021
MI.19678	N	MITOMAP_GeneralVariants_20042021
MI.19701	N	MITOMAP_GeneralVariants_20042021
MI.19713	N	MITOMAP_GeneralVariants_20042021
MI.19711	N	MITOMAP_GeneralVariants_20042021
MI.19718	N	MITOMAP_GeneralVariants_20042021
MI.19736	N	MITOMAP_GeneralVariants_20042021
MI.19763	N	MITOMAP_GeneralVariants_20042021
MI.19791	N	MITOMAP_GeneralVariants_20042021
MI.19816	N	MITOMAP_GeneralVariants_20042021
MI.19825	N	MITOMAP_GeneralVariants_20042021
MI.19831	N	MITOMAP_GeneralVariants_20042021
MI.19861	N	MITOMAP_GeneralVariants_20042021
MI.19871	N	MITOMAP_GeneralVariants_20042021
MI.19926	N	MITOMAP_GeneralVariants_20042021
MI.19927	N	MITOMAP_GeneralVariants_20042021
MI.19931	N	MITOMAP_GeneralVariants_20042021
MI.19956	N	MITOMAP_GeneralVariants_20042021
MI.20044	N	MITOMAP_GeneralVariants_20042021
MI.20051	N	MITOMAP_GeneralVariants_20042021
MI.20084	N	MITOMAP_GeneralVariants_20042021
MI.20142	N	MITOMAP_GeneralVariants_20042021
MI.20184	N	MITOMAP_GeneralVariants_20042021
MI.20194	N	MITOMAP_GeneralVariants_20042021
MI.20269	N	MITOMAP_GeneralVariants_20042021
MI.20279	N	MITOMAP_GeneralVariants_20042021
MI.20281	N	MITOMAP_GeneralVariants_20042021
MI.20324	N	MITOMAP_GeneralVariants_20042021
MI.20328	N	MITOMAP_GeneralVariants_20042021
MI.20346	N	MITOMAP_GeneralVariants_20042021
MI.20378	N	MITOMAP_GeneralVariants_20042021
MI.20384	N	MITOMAP_GeneralVariants_20042021
MI.20415	N	MITOMAP_GeneralVariants_20042021
MI.20421	N	MITOMAP_GeneralVariants_20042021
MI.20438	N	MITOMAP_GeneralVariants_20042021
MI.20448	N	MITOMAP_GeneralVariants_20042021
MI.20467	N	MITOMAP_GeneralVariants_20042021
MI.20474	N	MITOMAP_GeneralVariants_20042021
MI.20507	N	MITOMAP_GeneralVariants_20042021
MI.20509	N	MITOMAP_GeneralVariants_20042021
MI.20543	N	MITOMAP_GeneralVariants_20042021
MI.20546	N	MITOMAP_GeneralVariants_20042021
MI.20548	N	MITOMAP_GeneralVariants_20042021
MI.20553	N	MITOMAP_GeneralVariants_20042021
MI.20568	N	MITOMAP_GeneralVariants_20042021
MI.20569	N	MITOMAP_GeneralVariants_20042021
MI.20573	N	MITOMAP_GeneralVariants_20042021
MI.20594	N	MITOMAP_GeneralVariants_20042021
MI.20599	N	MITOMAP_GeneralVariants_20042021
MI.20603	N	MITOMAP_GeneralVariants_20042021
MI.20606	N	MITOMAP_GeneralVariants_20042021
MI.20662	N	MITOMAP_GeneralVariants_20042021
MI.20742	N	MITOMAP_GeneralVariants_20042021
MI.20756	N	MITOMAP_GeneralVariants_20042021
MI.20783	N	MITOMAP_GeneralVariants_20042021
MI.20786	N	MITOMAP_GeneralVariants_20042021
MI.20800	N	MITOMAP_GeneralVariants_20042021
MI.20880	N	MITOMAP_GeneralVariants_20042021
MI.20910	N	MITOMAP_GeneralVariants_20042021
MI.20932	N	MITOMAP_GeneralVariants_20042021
MI.20940	N	MITOMAP_GeneralVariants_20042021
MI.20972	N	MITOMAP_GeneralVariants_20042021
MI.20974	N	MITOMAP_GeneralVariants_20042021
MI.20973	N	MITOMAP_GeneralVariants_20042021
MI.20977	N	MITOMAP_GeneralVariants_20042021
MI.20988	N	MITOMAP_GeneralVariants_20042021
MI.20991	N	MITOMAP_GeneralVariants_20042021
MI.21049	N	MITOMAP_GeneralVariants_20042021
MI.21054	N	MITOMAP_GeneralVariants_20042021
MI.21055	N	MITOMAP_GeneralVariants_20042021
MI.21057	N	MITOMAP_GeneralVariants_20042021
MI.21075	N	MITOMAP_GeneralVariants_20042021
MI.21140	N	MITOMAP_GeneralVariants_20042021
MI.21189	N	MITOMAP_GeneralVariants_20042021
MI.21257	N	MITOMAP_GeneralVariants_20042021
MI.21268	N	MITOMAP_GeneralVariants_20042021
MI.21310	N	MITOMAP_GeneralVariants_20042021
MI.21368	N	MITOMAP_GeneralVariants_20042021
MI.21421	N	MITOMAP_GeneralVariants_20042021
MI.21474	N	MITOMAP_GeneralVariants_20042021
MI.21670	N	MITOMAP_GeneralVariants_20042021
MI.21673	N	MITOMAP_GeneralVariants_20042021
MI.21672	N	MITOMAP_GeneralVariants_20042021
MI.21678	N	MITOMAP_GeneralVariants_20042021
MI.21693	N	MITOMAP_GeneralVariants_20042021
MI.21696	N	MITOMAP_GeneralVariants_20042021
MI.21777	N	MITOMAP_GeneralVariants_20042021
MI.21817	N	MITOMAP_GeneralVariants_20042021
MI.21821	N	MITOMAP_GeneralVariants_20042021
MI.21840	N	MITOMAP_GeneralVariants_20042021
MI.21838	N	MITOMAP_GeneralVariants_20042021
MI.21848	N	MITOMAP_GeneralVariants_20042021
MI.21882	N	MITOMAP_GeneralVariants_20042021
MI.21885	N	MITOMAP_GeneralVariants_20042021
MI.21900	N	MITOMAP_GeneralVariants_20042021
MI.21906	N	MITOMAP_GeneralVariants_20042021
MI.21931	N	MITOMAP_GeneralVariants_20042021
MI.21944	N	MITOMAP_GeneralVariants_20042021
MI.21960	N	MITOMAP_GeneralVariants_20042021
MI.21963	N	MITOMAP_GeneralVariants_20042021
MI.21968	N	MITOMAP_GeneralVariants_20042021
MI.21985	N	MITOMAP_GeneralVariants_20042021
MI.22004	N	MITOMAP_GeneralVariants_20042021
MI.22017	N	MITOMAP_GeneralVariants_20042021
MI.22055	N	MITOMAP_GeneralVariants_20042021
MI.22053	N	MITOMAP_GeneralVariants_20042021
MI.22060	N	MITOMAP_GeneralVariants_20042021
MI.22059	N	MITOMAP_GeneralVariants_20042021
MI.22067	N	MITOMAP_GeneralVariants_20042021
MI.22074	N	MITOMAP_GeneralVariants_20042021
MI.22077	N	MITOMAP_GeneralVariants_20042021
MI.22080	N	MITOMAP_GeneralVariants_20042021
MI.22118	N	MITOMAP_GeneralVariants_20042021
MI.22120	N	MITOMAP_GeneralVariants_20042021
MI.22130	N	MITOMAP_GeneralVariants_20042021
MI.22132	N	MITOMAP_GeneralVariants_20042021
MI.22176	N	MITOMAP_GeneralVariants_20042021
MI.22188	N	MITOMAP_GeneralVariants_20042021
MI.22191	N	MITOMAP_GeneralVariants_20042021
MI.22195	N	MITOMAP_GeneralVariants_20042021
MI.22206	N	MITOMAP_GeneralVariants_20042021
MI.22255	N	MITOMAP_GeneralVariants_20042021
MI.22257	N	MITOMAP_GeneralVariants_20042021
MI.22265	N	MITOMAP_GeneralVariants_20042021
MI.22269	N	MITOMAP_GeneralVariants_20042021
MI.22272	N	MITOMAP_GeneralVariants_20042021
MI.22282	N	MITOMAP_GeneralVariants_20042021
MI.22286	N	MITOMAP_GeneralVariants_20042021
MI.22287	N	MITOMAP_GeneralVariants_20042021
MI.22298	N	MITOMAP_GeneralVariants_20042021
MI.22300	N	MITOMAP_GeneralVariants_20042021
MI.22303	N	MITOMAP_GeneralVariants_20042021
MI.22307	N	MITOMAP_GeneralVariants_20042021
MI.22305	N	MITOMAP_GeneralVariants_20042021
MI.22313	N	MITOMAP_GeneralVariants_20042021
MI.22315	N	MITOMAP_GeneralVariants_20042021
MI.22314	N	MITOMAP_GeneralVariants_20042021
MI.22321	N	MITOMAP_GeneralVariants_20042021
MI.22327	N	MITOMAP_GeneralVariants_20042021
MI.22340	N	MITOMAP_GeneralVariants_20042021
MI.22343	N	MITOMAP_GeneralVariants_20042021
MI.22345	N	MITOMAP_GeneralVariants_20042021
MI.22355	N	MITOMAP_GeneralVariants_20042021
MI.22361	N	MITOMAP_GeneralVariants_20042021
MI.22363	N	MITOMAP_GeneralVariants_20042021
MI.22383	N	MITOMAP_GeneralVariants_20042021
MI.22386	N	MITOMAP_GeneralVariants_20042021
MI.22387	N	MITOMAP_GeneralVariants_20042021
MI.22395	N	MITOMAP_GeneralVariants_20042021
MI.22401	N	MITOMAP_GeneralVariants_20042021
MI.22406	N	MITOMAP_GeneralVariants_20042021
MI.22413	N	MITOMAP_GeneralVariants_20042021
MI.22418	N	MITOMAP_GeneralVariants_20042021
MI.22421	N	MITOMAP_GeneralVariants_20042021
MI.22424	N	MITOMAP_GeneralVariants_20042021
MI.22437	N	MITOMAP_GeneralVariants_20042021
MI.22446	N	MITOMAP_GeneralVariants_20042021
MI.22449	N	MITOMAP_GeneralVariants_20042021
MI.22485	N	MITOMAP_GeneralVariants_20042021
MI.22493	N	MITOMAP_GeneralVariants_20042021
MI.22496	N	MITOMAP_GeneralVariants_20042021
MI.22505	N	MITOMAP_GeneralVariants_20042021
MI.22531	N	MITOMAP_GeneralVariants_20042021
MI.22542	N	MITOMAP_GeneralVariants_20042021
MI.22541	N	MITOMAP_GeneralVariants_20042021
MI.22543	N	MITOMAP_GeneralVariants_20042021
MI.22552	N	MITOMAP_GeneralVariants_20042021
MI.22555	N	MITOMAP_GeneralVariants_20042021
MI.22559	N	MITOMAP_GeneralVariants_20042021
MI.22561	N	MITOMAP_GeneralVariants_20042021
MI.22602	N	MITOMAP_GeneralVariants_20042021
MI.22606	N	MITOMAP_GeneralVariants_20042021
MI.22614	N	MITOMAP_GeneralVariants_20042021
MI.22627	N	MITOMAP_GeneralVariants_20042021
MI.22639	N	MITOMAP_GeneralVariants_20042021
MI.22645	N	MITOMAP_GeneralVariants_20042021
MI.22647	N	MITOMAP_GeneralVariants_20042021
MI.22649	N	MITOMAP_GeneralVariants_20042021
MI.22648	N	MITOMAP_GeneralVariants_20042021
MI.22658	N	MITOMAP_GeneralVariants_20042021
MI.22662	N	MITOMAP_GeneralVariants_20042021
MI.22679	N	MITOMAP_GeneralVariants_20042021
MI.22680	N	MITOMAP_GeneralVariants_20042021
MI.22683	N	MITOMAP_GeneralVariants_20042021
MI.22692	N	MITOMAP_GeneralVariants_20042021
MI.22712	N	MITOMAP_GeneralVariants_20042021
MI.22727	N	MITOMAP_GeneralVariants_20042021
MI.22740	N	MITOMAP_GeneralVariants_20042021
MI.22742	N	MITOMAP_GeneralVariants_20042021
MI.22745	N	MITOMAP_GeneralVariants_20042021
MI.22758	N	MITOMAP_GeneralVariants_20042021
MI.22795	N	MITOMAP_GeneralVariants_20042021
MI.22802	N	MITOMAP_GeneralVariants_20042021
MI.22833	N	MITOMAP_GeneralVariants_20042021
MI.22846	N	MITOMAP_GeneralVariants_20042021
MI.22852	N	MITOMAP_GeneralVariants_20042021
MI.22854	N	MITOMAP_GeneralVariants_20042021
MI.22876	N	MITOMAP_GeneralVariants_20042021
MI.22891	N	MITOMAP_GeneralVariants_20042021
MI.22905	N	MITOMAP_GeneralVariants_20042021
MI.22917	N	MITOMAP_GeneralVariants_20042021
MI.22919	N	MITOMAP_GeneralVariants_20042021
MI.22922	N	MITOMAP_GeneralVariants_20042021
MI.22925	N	MITOMAP_GeneralVariants_20042021
MI.22932	N	MITOMAP_GeneralVariants_20042021
MI.22937	N	MITOMAP_GeneralVariants_20042021
MI.22944	N	MITOMAP_GeneralVariants_20042021
MI.22997	N	MITOMAP_GeneralVariants_20042021
MI.23030	N	MITOMAP_GeneralVariants_20042021
MI.23035	N	MITOMAP_GeneralVariants_20042021
MI.23047	N	MITOMAP_GeneralVariants_20042021
MI.23053	N	MITOMAP_GeneralVariants_20042021
MI.23058	N	MITOMAP_GeneralVariants_20042021
MI.23059	N	MITOMAP_GeneralVariants_20042021
MI.23070	N	MITOMAP_GeneralVariants_20042021
MI.23075	N	MITOMAP_GeneralVariants_20042021
MI.23099	N	MITOMAP_GeneralVariants_20042021
MI.23098	N	MITOMAP_GeneralVariants_20042021
MI.23103	N	MITOMAP_GeneralVariants_20042021
MI.23106	N	MITOMAP_GeneralVariants_20042021
MI.23110	N	MITOMAP_GeneralVariants_20042021
MI.23124	N	MITOMAP_GeneralVariants_20042021
MI.23133	N	MITOMAP_GeneralVariants_20042021
MI.23164	N	MITOMAP_GeneralVariants_20042021
MI.23165	N	MITOMAP_GeneralVariants_20042021
MI.23167	N	MITOMAP_GeneralVariants_20042021
MI.23168	N	MITOMAP_GeneralVariants_20042021
MI.23180	N	MITOMAP_GeneralVariants_20042021
MI.23184	N	MITOMAP_GeneralVariants_20042021
MI.23196	N	MITOMAP_GeneralVariants_20042021
MI.23204	N	MITOMAP_GeneralVariants_20042021
MI.23206	N	MITOMAP_GeneralVariants_20042021
MI.23205	N	MITOMAP_GeneralVariants_20042021
MI.23222	N	MITOMAP_GeneralVariants_20042021
MI.23220	N	MITOMAP_GeneralVariants_20042021
MI.23223	N	MITOMAP_GeneralVariants_20042021
MI.23227	N	MITOMAP_GeneralVariants_20042021
MI.23229	N	MITOMAP_GeneralVariants_20042021
MI.23255	N	MITOMAP_GeneralVariants_20042021
MI.23259	N	MITOMAP_GeneralVariants_20042021
MI.23302	N	MITOMAP_GeneralVariants_20042021
MI.23319	N	MITOMAP_GeneralVariants_20042021
MI.23327	N	MITOMAP_GeneralVariants_20042021
MI.23345	N	MITOMAP_GeneralVariants_20042021
MI.23354	N	MITOMAP_GeneralVariants_20042021
MI.23356	N	MITOMAP_GeneralVariants_20042021
MI.23362	N	MITOMAP_GeneralVariants_20042021
MI.23370	N	MITOMAP_GeneralVariants_20042021
MI.23369	N	MITOMAP_GeneralVariants_20042021
MI.23422	N	MITOMAP_GeneralVariants_20042021
MI.23435	N	MITOMAP_GeneralVariants_20042021
MI.23440	N	MITOMAP_GeneralVariants_20042021
MI.23444	N	MITOMAP_GeneralVariants_20042021
MI.23447	N	MITOMAP_GeneralVariants_20042021
MI.23460	N	MITOMAP_GeneralVariants_20042021
MI.23486	N	MITOMAP_GeneralVariants_20042021
MI.23492	N	MITOMAP_GeneralVariants_20042021
MI.23493	N	MITOMAP_GeneralVariants_20042021
MI.23495	N	MITOMAP_GeneralVariants_20042021
MI.23512	N	MITOMAP_GeneralVariants_20042021
MI.23533	N	MITOMAP_GeneralVariants_20042021
MI.23535	N	MITOMAP_GeneralVariants_20042021
MI.23555	N	MITOMAP_GeneralVariants_20042021
MI.23566	N	MITOMAP_GeneralVariants_20042021
MI.23587	N	MITOMAP_GeneralVariants_20042021
MI.23586	N	MITOMAP_GeneralVariants_20042021
MI.23604	N	MITOMAP_GeneralVariants_20042021
MI.23626	N	MITOMAP_GeneralVariants_20042021
MI.23653	N	MITOMAP_GeneralVariants_20042021
MI.23657	N	MITOMAP_GeneralVariants_20042021
MI.23683	N	MITOMAP_GeneralVariants_20042021
MI.23721	N	MITOMAP_GeneralVariants_20042021
MI.23741	N	MITOMAP_GeneralVariants_20042021
MI.23825	N	MITOMAP_GeneralVariants_20042021
MI.23856	N	MITOMAP_GeneralVariants_20042021
MI.23879	N	MITOMAP_GeneralVariants_20042021
MI.23908	N	MITOMAP_GeneralVariants_20042021
MI.23926	N	MITOMAP_GeneralVariants_20042021
MI.23932	N	MITOMAP_GeneralVariants_20042021
MI.23936	N	MITOMAP_GeneralVariants_20042021
MI.23939	N	MITOMAP_GeneralVariants_20042021
MI.23954	N	MITOMAP_GeneralVariants_20042021
MI.23957	N	MITOMAP_GeneralVariants_20042021
MI.23959	N	MITOMAP_GeneralVariants_20042021
MI.23961	N	MITOMAP_GeneralVariants_20042021
MI.23965	N	MITOMAP_GeneralVariants_20042021
MI.23975	N	MITOMAP_GeneralVariants_20042021
MI.23978	N	MITOMAP_GeneralVariants_20042021
MI.23981	N	MITOMAP_GeneralVariants_20042021
MI.23990	N	MITOMAP_GeneralVariants_20042021
MI.24032	N	MITOMAP_GeneralVariants_20042021
MI.24107	N	MITOMAP_GeneralVariants_20042021
MI.24126	N	MITOMAP_GeneralVariants_20042021
MI.24169	N	MITOMAP_GeneralVariants_20042021
MI.24178	N	MITOMAP_GeneralVariants_20042021
MI.8323	N	MITOMAP_GeneralVariants_20042021
MI.8324	N	MITOMAP_GeneralVariants_20042021
MI.8325	N	MITOMAP_GeneralVariants_20042021
MI.8329	N	MITOMAP_GeneralVariants_20042021
MI.8336	N	MITOMAP_GeneralVariants_20042021
MI.8335	N	MITOMAP_GeneralVariants_20042021
MI.8337	N	MITOMAP_GeneralVariants_20042021
MI.8357	N	MITOMAP_GeneralVariants_20042021
MI.8363	N	MITOMAP_GeneralVariants_20042021
MI.8364	N	MITOMAP_GeneralVariants_20042021
MI.8365	N	MITOMAP_GeneralVariants_20042021
MI.8379	N	MITOMAP_GeneralVariants_20042021
MI.8409	N	MITOMAP_GeneralVariants_20042021
MI.8418	N	MITOMAP_GeneralVariants_20042021
MI.8419	N	MITOMAP_GeneralVariants_20042021
MI.8426	N	MITOMAP_GeneralVariants_20042021
MI.8432	N	MITOMAP_GeneralVariants_20042021
MI.8464	N	MITOMAP_GeneralVariants_20042021
MI.8474	N	MITOMAP_GeneralVariants_20042021
MI.8482	N	MITOMAP_GeneralVariants_20042021
MI.8490	N	MITOMAP_GeneralVariants_20042021
MI.8505	N	MITOMAP_GeneralVariants_20042021
MI.8560	N	MITOMAP_GeneralVariants_20042021
MI.8567	N	MITOMAP_GeneralVariants_20042021
MI.8570	N	MITOMAP_GeneralVariants_20042021
MI.8579	N	MITOMAP_GeneralVariants_20042021
MI.8585	N	MITOMAP_GeneralVariants_20042021
MI.8587	N	MITOMAP_GeneralVariants_20042021
MI.8590	N	MITOMAP_GeneralVariants_20042021
MI.8594	N	MITOMAP_GeneralVariants_20042021
MI.8607	N	MITOMAP_GeneralVariants_20042021
MI.8613	N	MITOMAP_GeneralVariants_20042021
MI.8617	N	MITOMAP_GeneralVariants_20042021
MI.8649	N	MITOMAP_GeneralVariants_20042021
MI.8667	N	MITOMAP_GeneralVariants_20042021
MI.8676	N	MITOMAP_GeneralVariants_20042021
MI.8693	N	MITOMAP_GeneralVariants_20042021
MI.8700	N	MITOMAP_GeneralVariants_20042021
MI.8703	N	MITOMAP_GeneralVariants_20042021
MI.8704	N	MITOMAP_GeneralVariants_20042021
MI.8743	N	MITOMAP_GeneralVariants_20042021
MI.8759	N	MITOMAP_GeneralVariants_20042021
MI.8765	N	MITOMAP_GeneralVariants_20042021
MI.8789	N	MITOMAP_GeneralVariants_20042021
MI.8797	N	MITOMAP_GeneralVariants_20042021
MI.8800	N	MITOMAP_GeneralVariants_20042021
MI.8815	N	MITOMAP_GeneralVariants_20042021
MI.8818	N	MITOMAP_GeneralVariants_20042021
MI.8821	N	MITOMAP_GeneralVariants_20042021
MI.8824	N	MITOMAP_GeneralVariants_20042021
MI.8826	N	MITOMAP_GeneralVariants_20042021
MI.8845	N	MITOMAP_GeneralVariants_20042021
MI.8858	N	MITOMAP_GeneralVariants_20042021
MI.8865	N	MITOMAP_GeneralVariants_20042021
MI.8873	N	MITOMAP_GeneralVariants_20042021
MI.8897	N	MITOMAP_GeneralVariants_20042021
MI.8918	N	MITOMAP_GeneralVariants_20042021
MI.8923	N	MITOMAP_GeneralVariants_20042021
MI.8955	N	MITOMAP_GeneralVariants_20042021
MI.8961	N	MITOMAP_GeneralVariants_20042021
MI.8973	N	MITOMAP_GeneralVariants_20042021
MI.9009	N	MITOMAP_GeneralVariants_20042021
MI.9021	N	MITOMAP_GeneralVariants_20042021
MI.9023	N	MITOMAP_GeneralVariants_20042021
MI.9025	N	MITOMAP_GeneralVariants_20042021
MI.9039	N	MITOMAP_GeneralVariants_20042021
MI.9054	N	MITOMAP_GeneralVariants_20042021
MI.9060	N	MITOMAP_GeneralVariants_20042021
MI.9071	N	MITOMAP_GeneralVariants_20042021
MI.9079	N	MITOMAP_GeneralVariants_20042021
MI.9082	N	MITOMAP_GeneralVariants_20042021
MI.9106	N	MITOMAP_GeneralVariants_20042021
MI.9107	N	MITOMAP_GeneralVariants_20042021
MI.9110	N	MITOMAP_GeneralVariants_20042021
MI.9125	N	MITOMAP_GeneralVariants_20042021
MI.9129	N	MITOMAP_GeneralVariants_20042021
MI.9148	N	MITOMAP_GeneralVariants_20042021
MI.9152	N	MITOMAP_GeneralVariants_20042021
MI.9167	N	MITOMAP_GeneralVariants_20042021
MI.9192	N	MITOMAP_GeneralVariants_20042021
MI.9200	N	MITOMAP_GeneralVariants_20042021
MI.9207	N	MITOMAP_GeneralVariants_20042021
MI.9217	N	MITOMAP_GeneralVariants_20042021
MI.9241	N	MITOMAP_GeneralVariants_20042021
MI.9274	N	MITOMAP_GeneralVariants_20042021
MI.9298	N	MITOMAP_GeneralVariants_20042021
MI.9299	N	MITOMAP_GeneralVariants_20042021
MI.9315	N	MITOMAP_GeneralVariants_20042021
MI.9318	N	MITOMAP_GeneralVariants_20042021
MI.9319	N	MITOMAP_GeneralVariants_20042021
MI.9329	N	MITOMAP_GeneralVariants_20042021
MI.9332	N	MITOMAP_GeneralVariants_20042021
MI.9334	N	MITOMAP_GeneralVariants_20042021
MI.9338	N	MITOMAP_GeneralVariants_20042021
MI.9368	N	MITOMAP_GeneralVariants_20042021
MI.9372	N	MITOMAP_GeneralVariants_20042021
MI.9385	N	MITOMAP_GeneralVariants_20042021
MI.9394	N	MITOMAP_GeneralVariants_20042021
MI.9403	N	MITOMAP_GeneralVariants_20042021
MI.9412	N	MITOMAP_GeneralVariants_20042021
MI.9418	N	MITOMAP_GeneralVariants_20042021
MI.9419	N	MITOMAP_GeneralVariants_20042021
MI.9424	N	MITOMAP_GeneralVariants_20042021
MI.9430	N	MITOMAP_GeneralVariants_20042021
MI.9441	N	MITOMAP_GeneralVariants_20042021
MI.9498	N	MITOMAP_GeneralVariants_20042021
MI.9500	N	MITOMAP_GeneralVariants_20042021
MI.9502	N	MITOMAP_GeneralVariants_20042021
MI.9507	N	MITOMAP_GeneralVariants_20042021
MI.9534	N	MITOMAP_GeneralVariants_20042021
MI.9537	N	MITOMAP_GeneralVariants_20042021
MI.9542	N	MITOMAP_GeneralVariants_20042021
MI.9545	N	MITOMAP_GeneralVariants_20042021
MI.9548	N	MITOMAP_GeneralVariants_20042021
MI.9549	N	MITOMAP_GeneralVariants_20042021
MI.9559	N	MITOMAP_GeneralVariants_20042021
MI.9562	N	MITOMAP_GeneralVariants_20042021
MI.9564	N	MITOMAP_GeneralVariants_20042021
MI.9566	N	MITOMAP_GeneralVariants_20042021
MI.9594	N	MITOMAP_GeneralVariants_20042021
MI.9623	N	MITOMAP_GeneralVariants_20042021
MI.9641	N	MITOMAP_GeneralVariants_20042021
MI.9671	N	MITOMAP_GeneralVariants_20042021
MI.9673	N	MITOMAP_GeneralVariants_20042021
MI.9678	N	MITOMAP_GeneralVariants_20042021
MI.9679	N	MITOMAP_GeneralVariants_20042021
MI.9681	N	MITOMAP_GeneralVariants_20042021
MI.9684	N	MITOMAP_GeneralVariants_20042021
MI.9691	N	MITOMAP_GeneralVariants_20042021
MI.9690	N	MITOMAP_GeneralVariants_20042021
MI.9700	N	MITOMAP_GeneralVariants_20042021
MI.9719	N	MITOMAP_GeneralVariants_20042021
MI.9725	N	MITOMAP_GeneralVariants_20042021
MI.9726	N	MITOMAP_GeneralVariants_20042021
MI.9729	N	MITOMAP_GeneralVariants_20042021
MI.9728	N	MITOMAP_GeneralVariants_20042021
MI.9733	N	MITOMAP_GeneralVariants_20042021
MI.9772	N	MITOMAP_GeneralVariants_20042021
MI.9774	N	MITOMAP_GeneralVariants_20042021
MI.9793	N	MITOMAP_GeneralVariants_20042021
MI.9799	N	MITOMAP_GeneralVariants_20042021
MI.9798	N	MITOMAP_GeneralVariants_20042021
MI.9808	N	MITOMAP_GeneralVariants_20042021
MI.9817	N	MITOMAP_GeneralVariants_20042021
MI.9828	N	MITOMAP_GeneralVariants_20042021
MI.9833	N	MITOMAP_GeneralVariants_20042021
MI.9834	N	MITOMAP_GeneralVariants_20042021
MI.9836	N	MITOMAP_GeneralVariants_20042021
MI.9838	N	MITOMAP_GeneralVariants_20042021
MI.9844	N	MITOMAP_GeneralVariants_20042021
MI.9850	N	MITOMAP_GeneralVariants_20042021
MI.9851	N	MITOMAP_GeneralVariants_20042021
MI.9856	N	MITOMAP_GeneralVariants_20042021
MI.9864	N	MITOMAP_GeneralVariants_20042021
MI.9869	N	MITOMAP_GeneralVariants_20042021
MI.9871	N	MITOMAP_GeneralVariants_20042021
MI.9879	N	MITOMAP_GeneralVariants_20042021
MI.9890	N	MITOMAP_GeneralVariants_20042021
MI.9895	N	MITOMAP_GeneralVariants_20042021
MI.9896	N	MITOMAP_GeneralVariants_20042021
MI.9898	N	MITOMAP_GeneralVariants_20042021
MI.9900	N	MITOMAP_GeneralVariants_20042021
MI.9916	N	MITOMAP_GeneralVariants_20042021
MI.9934	N	MITOMAP_GeneralVariants_20042021
MI.9947	N	MITOMAP_GeneralVariants_20042021
MI.9959	N	MITOMAP_GeneralVariants_20042021
MI.9962	N	MITOMAP_GeneralVariants_20042021
MI.9971	N	MITOMAP_GeneralVariants_20042021
MI.9977	N	MITOMAP_GeneralVariants_20042021
MI.9976	N	MITOMAP_GeneralVariants_20042021
MI.9979	N	MITOMAP_GeneralVariants_20042021
MI.9986	N	MITOMAP_GeneralVariants_20042021
MI.9990	N	MITOMAP_GeneralVariants_20042021
MI.9994	N	MITOMAP_GeneralVariants_20042021
MI.10007	N	MITOMAP_GeneralVariants_20042021
MI.10008	N	MITOMAP_GeneralVariants_20042021
MI.10025	N	MITOMAP_GeneralVariants_20042021
MI.10029	N	MITOMAP_GeneralVariants_20042021
MI.10035	N	MITOMAP_GeneralVariants_20042021
MI.10101	N	MITOMAP_GeneralVariants_20042021
MI.10142	N	MITOMAP_GeneralVariants_20042021
MI.10157	N	MITOMAP_GeneralVariants_20042021
MI.10183	N	MITOMAP_GeneralVariants_20042021
MI.10186	N	MITOMAP_GeneralVariants_20042021
MI.10190	N	MITOMAP_GeneralVariants_20042021
MI.10210	N	MITOMAP_GeneralVariants_20042021
MI.10213	N	MITOMAP_GeneralVariants_20042021
MI.10223	N	MITOMAP_GeneralVariants_20042021
MI.10227	N	MITOMAP_GeneralVariants_20042021
MI.10233	N	MITOMAP_GeneralVariants_20042021
MI.10236	N	MITOMAP_GeneralVariants_20042021
MI.10237	N	MITOMAP_GeneralVariants_20042021
MI.10240	N	MITOMAP_GeneralVariants_20042021
MI.10250	N	MITOMAP_GeneralVariants_20042021
MI.10253	N	MITOMAP_GeneralVariants_20042021
MI.10258	N	MITOMAP_GeneralVariants_20042021
MI.10259	N	MITOMAP_GeneralVariants_20042021
MI.10268	N	MITOMAP_GeneralVariants_20042021
MI.10280	N	MITOMAP_GeneralVariants_20042021
MI.10291	N	MITOMAP_GeneralVariants_20042021
MI.10299	N	MITOMAP_GeneralVariants_20042021
MI.10302	N	MITOMAP_GeneralVariants_20042021
MI.10327	N	MITOMAP_GeneralVariants_20042021
MI.10346	N	MITOMAP_GeneralVariants_20042021
MI.10376	N	MITOMAP_GeneralVariants_20042021
MI.10382	N	MITOMAP_GeneralVariants_20042021
MI.10392	N	MITOMAP_GeneralVariants_20042021
MI.10394	N	MITOMAP_GeneralVariants_20042021
MI.10401	N	MITOMAP_GeneralVariants_20042021
MI.10413	N	MITOMAP_GeneralVariants_20042021
MI.10424	N	MITOMAP_GeneralVariants_20042021
MI.10429	N	MITOMAP_GeneralVariants_20042021
MI.10430	N	MITOMAP_GeneralVariants_20042021
MI.10435	N	MITOMAP_GeneralVariants_20042021
MI.10437	N	MITOMAP_GeneralVariants_20042021
MI.10445	N	MITOMAP_GeneralVariants_20042021
MI.10450	N	MITOMAP_GeneralVariants_20042021
MI.10456	N	MITOMAP_GeneralVariants_20042021
MI.10461	N	MITOMAP_GeneralVariants_20042021
MI.10471	N	MITOMAP_GeneralVariants_20042021
MI.10481	N	MITOMAP_GeneralVariants_20042021
MI.10486	N	MITOMAP_GeneralVariants_20042021
MI.10498	N	MITOMAP_GeneralVariants_20042021
MI.10505	N	MITOMAP_GeneralVariants_20042021
MI.10506	N	MITOMAP_GeneralVariants_20042021
MI.10517	N	MITOMAP_GeneralVariants_20042021
MI.10518	N	MITOMAP_GeneralVariants_20042021
MI.10522	N	MITOMAP_GeneralVariants_20042021
MI.10523	N	MITOMAP_GeneralVariants_20042021
MI.10525	N	MITOMAP_GeneralVariants_20042021
MI.10544	N	MITOMAP_GeneralVariants_20042021
MI.10547	N	MITOMAP_GeneralVariants_20042021
MI.10548	N	MITOMAP_GeneralVariants_20042021
MI.10550	N	MITOMAP_GeneralVariants_20042021
MI.10553	N	MITOMAP_GeneralVariants_20042021
MI.10580	N	MITOMAP_GeneralVariants_20042021
MI.10584	N	MITOMAP_GeneralVariants_20042021
MI.10599	N	MITOMAP_GeneralVariants_20042021
MI.10601	N	MITOMAP_GeneralVariants_20042021
MI.10623	N	MITOMAP_GeneralVariants_20042021
MI.10625	N	MITOMAP_GeneralVariants_20042021
MI.10630	N	MITOMAP_GeneralVariants_20042021
MI.10644	N	MITOMAP_GeneralVariants_20042021
MI.10648	N	MITOMAP_GeneralVariants_20042021
MI.10671	N	MITOMAP_GeneralVariants_20042021
MI.10675	N	MITOMAP_GeneralVariants_20042021
MI.10678	N	MITOMAP_GeneralVariants_20042021
MI.10680	N	MITOMAP_GeneralVariants_20042021
MI.10685	N	MITOMAP_GeneralVariants_20042021
MI.10695	N	MITOMAP_GeneralVariants_20042021
MI.10711	N	MITOMAP_GeneralVariants_20042021
MI.10719	N	MITOMAP_GeneralVariants_20042021
MI.10721	N	MITOMAP_GeneralVariants_20042021
MI.10726	N	MITOMAP_GeneralVariants_20042021
MI.10725	N	MITOMAP_GeneralVariants_20042021
MI.10750	N	MITOMAP_GeneralVariants_20042021
MI.10751	N	MITOMAP_GeneralVariants_20042021
MI.10749	N	MITOMAP_GeneralVariants_20042021
MI.10752	N	MITOMAP_GeneralVariants_20042021
MI.240	P	MITOMAP_Disease_20042021
MI.456	P	MITOMAP_Disease_20042021
MI.542	P	MITOMAP_Disease_20042021
MI.573	P	MITOMAP_Disease_20042021
MI.664	P	MITOMAP_Disease_20042021
MI.689	P	MITOMAP_Disease_20042021
MI.774	P	MITOMAP_Disease_20042021
MI.946	P	MITOMAP_Disease_20042021
MI.989	P	MITOMAP_Disease_20042021
MI.997	P	MITOMAP_Disease_20042021
MI.995	P	MITOMAP_Disease_20042021
MI.1079	P	MITOMAP_Disease_20042021
MI.1085	P	MITOMAP_Disease_20042021
MI.1293	P	MITOMAP_Disease_20042021
MI.1340	P	MITOMAP_Disease_20042021
MI.1384	P	MITOMAP_Disease_20042021
MI.1385	P	MITOMAP_Disease_20042021
MI.1401	P	MITOMAP_Disease_20042021
MI.1413	P	MITOMAP_Disease_20042021
MI.1789	P	MITOMAP_Disease_20042021
MI.4	P	MITOMAP_Disease_20042021
MI.1859	P	MITOMAP_Disease_20042021
MI.79	P	MITOMAP_Disease_20042021
MI.1858	P	MITOMAP_Disease_20042021
MI.81	P	MITOMAP_Disease_20042021
MI.2779	P	MITOMAP_Disease_20042021
MI.3064	P	MITOMAP_Disease_20042021
MI.3095	P	MITOMAP_Disease_20042021
MI.3243	P	MITOMAP_Disease_20042021
MI.3350	P	MITOMAP_Disease_20042021
MI.3622	P	MITOMAP_Disease_20042021
MI.3924	P	MITOMAP_Disease_20042021
MI.4126	P	MITOMAP_Disease_20042021
MI.4877	P	MITOMAP_Disease_20042021
MI.5176	P	MITOMAP_Disease_20042021
MI.5365	P	MITOMAP_Disease_20042021
MI.5810	P	MITOMAP_Disease_20042021
MI.6049	P	MITOMAP_Disease_20042021
MI.6770	P	MITOMAP_Disease_20042021
MI.7136	P	MITOMAP_Disease_20042021
MI.7354	P	MITOMAP_Disease_20042021
MI.7590	P	MITOMAP_Disease_20042021
MI.7760	P	MITOMAP_Disease_20042021
MI.7872	P	MITOMAP_Disease_20042021
MI.8536	P	MITOMAP_Disease_20042021
MI.8544	P	MITOMAP_Disease_20042021
MI.8572	P	MITOMAP_Disease_20042021
MI.8997	P	MITOMAP_Disease_20042021
MI.9065	P	MITOMAP_Disease_20042021
MI.9206	P	MITOMAP_Disease_20042021
MI.9284	P	MITOMAP_Disease_20042021
MI.9383	P	MITOMAP_Disease_20042021
MI.10110	P	MITOMAP_Disease_20042021
MI.10180	P	MITOMAP_Disease_20042021
MI.10364	P	MITOMAP_Disease_20042021
MI.10491	P	MITOMAP_Disease_20042021
MI.10904	P	MITOMAP_Disease_20042021
MI.11080	P	MITOMAP_Disease_20042021
MI.11124	P	MITOMAP_Disease_20042021
MI.11269	P	MITOMAP_Disease_20042021
MI.11439	P	MITOMAP_Disease_20042021
MI.11443	P	MITOMAP_Disease_20042021
MI.11503	P	MITOMAP_Disease_20042021
MI.11548	P	MITOMAP_Disease_20042021
MI.11568	P	MITOMAP_Disease_20042021
MI.11574	P	MITOMAP_Disease_20042021
MI.11638	P	MITOMAP_Disease_20042021
MI.11637	P	MITOMAP_Disease_20042021
MI.11709	P	MITOMAP_Disease_20042021
MI.11846	P	MITOMAP_Disease_20042021
MI.11964	P	MITOMAP_Disease_20042021
MI.12084	P	MITOMAP_Disease_20042021
MI.12110	P	MITOMAP_Disease_20042021
MI.12113	P	MITOMAP_Disease_20042021
MI.12457	P	MITOMAP_Disease_20042021
MI.12497	P	MITOMAP_Disease_20042021
MI.12496	P	MITOMAP_Disease_20042021
MI.12542	P	MITOMAP_Disease_20042021
MI.12561	P	MITOMAP_Disease_20042021
MI.12851	P	MITOMAP_Disease_20042021
MI.13098	P	MITOMAP_Disease_20042021
MI.13131	P	MITOMAP_Disease_20042021
MI.13567	P	MITOMAP_Disease_20042021
MI.14380	P	MITOMAP_Disease_20042021
MI.14851	P	MITOMAP_Disease_20042021
MI.15119	P	MITOMAP_Disease_20042021
MI.15172	P	MITOMAP_Disease_20042021
MI.15248	P	MITOMAP_Disease_20042021
MI.15259	P	MITOMAP_Disease_20042021
MI.15385	P	MITOMAP_Disease_20042021
MI.16915	P	MITOMAP_Disease_20042021
MI.17360	P	MITOMAP_Disease_20042021
MI.17622	P	MITOMAP_Disease_20042021
MI.17688	P	MITOMAP_Disease_20042021
MI.17818	P	MITOMAP_Disease_20042021
MI.17918	P	MITOMAP_Disease_20042021
MI.17925	P	MITOMAP_Disease_20042021
MI.18467	P	MITOMAP_Disease_20042021
MI.18470	P	MITOMAP_Disease_20042021
MI.18670	P	MITOMAP_Disease_20042021
MI.18761	P	MITOMAP_Disease_20042021
MI.15846	P	MITOMAP_Disease_20042021
MI.15941	P	MITOMAP_Disease_20042021
MI.16101	P	MITOMAP_Disease_20042021
MI.19862	P	MITOMAP_Disease_20042021
MI.19986	P	MITOMAP_Disease_20042021
MI.20030	P	MITOMAP_Disease_20042021
MI.20173	P	MITOMAP_Disease_20042021
MI.20189	P	MITOMAP_Disease_20042021
MI.20199	P	MITOMAP_Disease_20042021
MI.20343	P	MITOMAP_Disease_20042021
MI.20753	P	MITOMAP_Disease_20042021
MI.20760	P	MITOMAP_Disease_20042021
MI.20763	P	MITOMAP_Disease_20042021
MI.20773	P	MITOMAP_Disease_20042021
MI.20840	P	MITOMAP_Disease_20042021
MI.20854	P	MITOMAP_Disease_20042021
MI.20860	P	MITOMAP_Disease_20042021
MI.20955	P	MITOMAP_Disease_20042021
MI.21410	P	MITOMAP_Disease_20042021
MI.21487	P	MITOMAP_Disease_20042021
MI.21763	P	MITOMAP_Disease_20042021
MI.21768	P	MITOMAP_Disease_20042021
MI.21770	P	MITOMAP_Disease_20042021
MI.21918	P	MITOMAP_Disease_20042021
MI.22231	P	MITOMAP_Disease_20042021
MI.23677	P	MITOMAP_Disease_20042021
MI.23694	P	MITOMAP_Disease_20042021
MI.23697	P	MITOMAP_Disease_20042021
MI.23726	P	MITOMAP_Disease_20042021
MI.23738	P	MITOMAP_Disease_20042021
MI.23786	P	MITOMAP_Disease_20042021
MI.23787	P	MITOMAP_Disease_20042021
MI.23790	P	MITOMAP_Disease_20042021
MI.23799	P	MITOMAP_Disease_20042021
MI.23813	P	MITOMAP_Disease_20042021
MI.23816	P	MITOMAP_Disease_20042021
MI.23971	P	MITOMAP_Disease_20042021
MI.24026	P	MITOMAP_Disease_20042021
MI.24035	P	MITOMAP_Disease_20042021
